"Location","Place","Duration","Start_time_mins","Day"
"Seat","Living",187.467,1274.35,"Sun"
"Door","Living",0.033,22.95,"Mon"
"Door","Kitchen",0.05,23.233,"Mon"
"Door","Kitchen",0.033,24.333,"Mon"
"Door","Living",0.2,24.7,"Mon"
"Seat","Living",17.35,25.583,"Mon"
"Door","Living",0.05,43.767,"Mon"
"Door","Bedroom",0.05,46.2,"Mon"
"Door","Bedroom",0.05,47.35,"Mon"
"Basin","Bathroom",1.567,48.633,"Mon"
"Door","Living",0.05,50.483,"Mon"
"Seat","Living",60.9,51.3,"Mon"
"Door","Living",0.05,113.317,"Mon"
"Basin","Bathroom",0.133,113.45,"Mon"
"Toilet","Bathroom",0.8,113.65,"Mon"
"Door","Bedroom",0.067,113.883,"Mon"
"Bed","Bedroom",455.433,115.15,"Mon"
"Door","Bedroom",0.05,571.267,"Mon"
"Toilet","Bathroom",1.283,577.467,"Mon"
"Door","Living",0.083,580.283,"Mon"
"Door","Living",0.05,581.233,"Mon"
"Door","Kitchen",0.05,582.033,"Mon"
"Fridge","Kitchen",0.25,587.95,"Mon"
"Microwave","Kitchen",1.683,588.35,"Mon"
"Door","Kitchen",0.033,592.55,"Mon"
"Door","Bedroom",0.05,593.433,"Mon"
"Door","Bedroom",0.067,596.267,"Mon"
"Door","Living",0.05,596.417,"Mon"
"Seat","Living",17.233,597.6,"Mon"
"Door","Living",0.05,615.733,"Mon"
"Door","Bedroom",0.05,616.917,"Mon"
"Door","Bedroom",0.067,617.017,"Mon"
"Basin","Bathroom",1.933,618.317,"Mon"
"Shower","Bathroom",8.1,621.65,"Mon"
"Door","Living",0.217,632.417,"Mon"
"Door","Living",0.017,633.15,"Mon"
"Door","Kitchen",0.033,633.383,"Mon"
"Door","Kitchen",0.25,633.45,"Mon"
"Basin","Bathroom",0.383,633.783,"Mon"
"Toilet","Bathroom",0.85,634.183,"Mon"
"Basin","Bathroom",4.783,635.233,"Mon"
"Door","Kitchen",0.033,640.483,"Mon"
"Door","Kitchen",0.033,641.133,"Mon"
"Door","Living",0.033,641.333,"Mon"
"Door","Living",0.033,641.7,"Mon"
"Basin","Bathroom",0.033,642.083,"Mon"
"Door","Living",0.117,647.283,"Mon"
"Door","Living",0.05,664.883,"Mon"
"Door","Kitchen",0.05,665.733,"Mon"
"Fridge","Kitchen",0.383,666.183,"Mon"
"Microwave","Kitchen",0.967,669.733,"Mon"
"Door","Kitchen",0.083,680.667,"Mon"
"Door","Living",0.067,681.433,"Mon"
"Door","Living",0.05,683.567,"Mon"
"Door","Bedroom",0.083,684.2,"Mon"
"Door","Bedroom",0.033,692.45,"Mon"
"Door","Kitchen",0.033,692.65,"Mon"
"Door","Kitchen",0.033,693.25,"Mon"
"Door","Bedroom",0.033,694.133,"Mon"
"Door","Bedroom",0.117,694.75,"Mon"
"Door","Kitchen",0.05,697.817,"Mon"
"Fridge","Kitchen",1.65,698.45,"Mon"
"Fridge","Kitchen",0.05,703.867,"Mon"
"Door","Kitchen",0.233,707.15,"Mon"
"Door","Living",0.167,707.633,"Mon"
"Door","Living",0.033,721.833,"Mon"
"Door","Bedroom",0.033,722.117,"Mon"
"Door","Bedroom",0.117,742.383,"Mon"
"Door","Kitchen",0.25,743.55,"Mon"
"Door","Kitchen",0.05,757,"Mon"
"Door","Bedroom",0.117,759.583,"Mon"
"Door","Bedroom",0.033,761.733,"Mon"
"Toilet","Bathroom",0.667,761.983,"Mon"
"Door","Bedroom",0.033,763.683,"Mon"
"Door","Bedroom",0.033,769.35,"Mon"
"Door","Living",0.067,769.7,"Mon"
"Door","Living",0.05,771.017,"Mon"
"Toilet","Bathroom",2.233,772.967,"Mon"
"Basin","Bathroom",7.15,780.033,"Mon"
"Basin","Bathroom",5.617,792.783,"Mon"
"Door","Living",0.85,799.017,"Mon"
"Door","Living",0.067,812.7,"Mon"
"Door","Kitchen",0.067,813.183,"Mon"
"Door","Kitchen",0.067,824.383,"Mon"
"Door","Kitchen",0.033,827.817,"Mon"
"Fridge","Kitchen",3.133,832.517,"Mon"
"Door","Kitchen",0.05,840.033,"Mon"
"Door","Living",0.05,844.783,"Mon"
"Door","Living",0.033,860.267,"Mon"
"Door","Kitchen",0.05,860.467,"Mon"
"Cupboard","Kitchen",0.117,879.017,"Mon"
"Cupboard","Kitchen",0.1,879.25,"Mon"
"Door","Kitchen",0.05,888.733,"Mon"
"Door","Living",0.05,888.9,"Mon"
"Door","Living",0.05,889.25,"Mon"
"Door","Kitchen",0.05,889.5,"Mon"
"Cupboard","Kitchen",0.117,891.55,"Mon"
"Door","Kitchen",0.033,893.2,"Mon"
"Door","Living",0.033,894.75,"Mon"
"Door","Living",0.05,922.783,"Mon"
"Door","Kitchen",0.033,923,"Mon"
"Cupboard","Kitchen",0.2,923.633,"Mon"
"Door","Kitchen",0.067,931.817,"Mon"
"Toilet","Bathroom",0.967,938.833,"Mon"
"Basin","Bathroom",1.567,939.083,"Mon"
"Door","Living",0.05,942.917,"Mon"
"Seat","Living",27.333,943.25,"Mon"
"Door","Living",0.1,971.467,"Mon"
"Maindoor","Entrance",0.117,982.367,"Mon"
"Maindoor","Entrance",0.05,1028.567,"Mon"
"Door","Living",0.05,1030.183,"Mon"
"Door","Living",0.067,1049.283,"Mon"
"Door","Kitchen",0.05,1049.5,"Mon"
"Door","Kitchen",0.033,1049.833,"Mon"
"Door","Living",0.133,1050.133,"Mon"
"Door","Living",0.067,1055.633,"Mon"
"Toilet","Bathroom",0.967,1063.55,"Mon"
"Basin","Bathroom",0.2,1063.917,"Mon"
"Door","Living",0.05,1064.617,"Mon"
"Seat","Living",61.6,1065.367,"Mon"
"Door","Living",0.05,1127.483,"Mon"
"Door","Kitchen",0.067,1127.75,"Mon"
"Fridge","Kitchen",0.267,1132.283,"Mon"
"Microwave","Kitchen",1.017,1132.7,"Mon"
"Door","Kitchen",0.05,1136.2,"Mon"
"Door","Bedroom",0.083,1140.85,"Mon"
"Door","Bedroom",0.05,1142.117,"Mon"
"Door","Living",0.067,1142.25,"Mon"
"Seat","Living",113.65,1143.117,"Mon"
"Door","Living",0.033,1257.083,"Mon"
"Door","Bedroom",0.2,1257.183,"Mon"
"Door","Bedroom",0.05,1259.65,"Mon"
"Door","Living",0.05,1266.533,"Mon"
"Door","Living",0.317,1271.65,"Mon"
"Basin","Bathroom",0.117,1274.933,"Mon"
"Door","Living",0.067,1275.217,"Mon"
"Door","Living",0.05,1354.4,"Mon"
"Door","Bedroom",0.05,1354.45,"Mon"
"Door","Bedroom",0.033,1354.767,"Mon"
"Door","Kitchen",0.067,1355.35,"Mon"
"Cupboard","Kitchen",0.583,1356.383,"Mon"
"Door","Kitchen",0.05,1357.867,"Mon"
"Basin","Bathroom",0.133,1373.767,"Mon"
"Door","Living",0.067,1374.167,"Mon"
"Seat","Living",38.717,1375.033,"Mon"
"Door","Living",0.05,1414.45,"Mon"
"Door","Bedroom",0.05,1414.667,"Mon"
"Door","Bedroom",0.033,1416.75,"Mon"
"Toilet","Bathroom",1.133,1416.85,"Mon"
"Door","Living",0.067,1418.25,"Mon"
"Door","Living",0.05,1425.083,"Mon"
"Door","Kitchen",0.05,1425.133,"Mon"
"Door","Kitchen",0.033,1425.883,"Mon"
"Door","Living",0.05,1426.383,"Mon"
"Seat","Living",99.233,1427.033,"Mon"
"Door","Living",0.6,87.083,"Tue"
"Basin","Bathroom",0.55,89.1,"Tue"
"Door","Bedroom",0.067,89.867,"Tue"
"Bed","Bedroom",440.717,90.533,"Tue"
"Door","Bedroom",0.05,532.05,"Tue"
"Door","Living",0.033,533.8,"Tue"
"Door","Living",0.05,536.617,"Tue"
"Door","Kitchen",0.083,536.867,"Tue"
"Fridge","Kitchen",0.067,537.817,"Tue"
"Microwave","Kitchen",1.683,538.75,"Tue"
"Fridge","Kitchen",0.05,539.2,"Tue"
"Door","Kitchen",0.033,544.9,"Tue"
"Door","Bedroom",0.067,545.433,"Tue"
"Door","Bedroom",0.033,550.167,"Tue"
"Basin","Bathroom",0.05,551.767,"Tue"
"Toilet","Bathroom",1.083,554.8,"Tue"
"Basin","Bathroom",3.033,561.4,"Tue"
"Basin","Bathroom",0.817,569.617,"Tue"
"Basin","Bathroom",1.917,574.917,"Tue"
"Door","Bedroom",0.067,577.4,"Tue"
"Door","Bedroom",0.05,582.85,"Tue"
"Maindoor","Entrance",0.1,593.25,"Tue"
"Maindoor","Entrance",0.05,611.067,"Tue"
"Door","Kitchen",0.05,611.8,"Tue"
"Fridge","Kitchen",0.05,611.983,"Tue"
"Door","Kitchen",0.033,612.167,"Tue"
"Door","Kitchen",0.05,614.067,"Tue"
"Door","Kitchen",0.067,649.567,"Tue"
"Door","Bedroom",0.05,650.083,"Tue"
"Door","Bedroom",0.05,651.867,"Tue"
"Maindoor","Entrance",0.05,652.75,"Tue"
"Maindoor","Entrance",0.067,821.833,"Tue"
"Door","Kitchen",0.067,822.1,"Tue"
"Door","Kitchen",0.05,822.75,"Tue"
"Door","Bedroom",0.017,823.333,"Tue"
"Door","Bedroom",0.033,825.933,"Tue"
"Door","Kitchen",0.05,827.75,"Tue"
"Fridge","Kitchen",0.083,828.45,"Tue"
"Fridge","Kitchen",0.05,828.65,"Tue"
"Door","Kitchen",0.033,839.667,"Tue"
"Door","Kitchen",0.167,841.017,"Tue"
"Door","Kitchen",0.033,843.483,"Tue"
"Toilet","Bathroom",0.75,845.4,"Tue"
"Door","Kitchen",0.067,848.4,"Tue"
"Door","Kitchen",0.067,857.417,"Tue"
"Door","Kitchen",0.05,860.883,"Tue"
"Cupboard","Kitchen",0.033,867.567,"Tue"
"Fridge","Kitchen",0.067,868.333,"Tue"
"Cupboard","Kitchen",0.05,873.7,"Tue"
"Door","Kitchen",0.05,879.183,"Tue"
"Door","Living",0.05,880.483,"Tue"
"Door","Living",0.033,881.467,"Tue"
"Door","Kitchen",0.05,881.633,"Tue"
"Door","Kitchen",0.05,882.55,"Tue"
"Door","Living",0.033,883.117,"Tue"
"Seat","Living",66.483,884.017,"Tue"
"Door","Living",0.05,951.483,"Tue"
"Door","Kitchen",0.05,951.667,"Tue"
"Door","Kitchen",0.033,964.417,"Tue"
"Door","Living",0.05,964.7,"Tue"
"Door","Living",0.033,965.017,"Tue"
"Toilet","Bathroom",0.9,967.133,"Tue"
"Door","Living",0.05,967.45,"Tue"
"Door","Living",0.05,993.333,"Tue"
"Door","Bedroom",0.05,994.35,"Tue"
"Door","Bedroom",0.05,994.767,"Tue"
"Door","Living",0.067,995.05,"Tue"
"Seat","Living",54.033,996.2,"Tue"
"Door","Living",0.05,1051.45,"Tue"
"Door","Bedroom",0.05,1053.733,"Tue"
"Door","Bedroom",0.067,1054.383,"Tue"
"Door","Kitchen",0.05,1054.8,"Tue"
"Door","Kitchen",0.033,1056.533,"Tue"
"Door","Living",0.067,1057.517,"Tue"
"Seat","Living",16.717,1058.45,"Tue"
"Door","Living",0.05,1076.5,"Tue"
"Door","Living",0.05,1077.017,"Tue"
"Seat","Living",22.35,1078.783,"Tue"
"Door","Living",0.05,1102.583,"Tue"
"Door","Living",0.067,1104.667,"Tue"
"Seat","Living",22.033,1105.45,"Tue"
"Door","Living",0.033,1128.633,"Tue"
"Door","Kitchen",0.033,1131.85,"Tue"
"Door","Kitchen",0.183,1153.133,"Tue"
"Door","Kitchen",0.05,1153.467,"Tue"
"Door","Kitchen",0.067,1183.567,"Tue"
"Door","Living",0.417,1184.267,"Tue"
"Door","Living",0.033,1185.017,"Tue"
"Toilet","Bathroom",0.95,1186.5,"Tue"
"Door","Bedroom",0.033,1189.1,"Tue"
"Door","Bedroom",0.05,1190.167,"Tue"
"Door","Living",0.017,1192.033,"Tue"
"Seat","Living",184.517,1193.217,"Tue"
"Door","Living",0.067,1378.4,"Tue"
"Door","Bedroom",0.067,1378.5,"Tue"
"Door","Bedroom",0.033,1379.7,"Tue"
"Door","Living",0.067,1380.067,"Tue"
"Door","Living",0.05,1397.117,"Tue"
"Door","Kitchen",0.083,1397.333,"Tue"
"Microwave","Kitchen",3.767,1397.933,"Tue"
"Door","Kitchen",0.033,1402.133,"Tue"
"Door","Living",0.133,1402.35,"Tue"
"Door","Living",0.083,1414.483,"Tue"
"Door","Bedroom",0.183,1414.7,"Tue"
"Door","Bedroom",0.033,1417.517,"Tue"
"Basin","Bathroom",0.517,1419.533,"Tue"
"Door","Living",0.1,1420.867,"Tue"
"Door","Living",0.05,1424.167,"Tue"
"Door","Kitchen",0.05,1424.45,"Tue"
"Door","Kitchen",0.033,1424.833,"Tue"
"Door","Living",0.067,1425.083,"Tue"
"Seat","Living",34.567,1426.017,"Tue"
"Door","Living",0.05,21.117,"Wed"
"Basin","Bathroom",1.15,27.333,"Wed"
"Toilet","Bathroom",0.8,28.733,"Wed"
"Door","Bedroom",0.083,28.9,"Wed"
"Bed","Bedroom",281.567,29.683,"Wed"
"Door","Bedroom",0.05,312.433,"Wed"
"Basin","Bathroom",0.55,315.317,"Wed"
"Door","Bedroom",0.067,315.917,"Wed"
"Bed","Bedroom",223.383,316.85,"Wed"
"Door","Bedroom",0.083,541.367,"Wed"
"Toilet","Bathroom",1,544.717,"Wed"
"Door","Bedroom",0.067,544.9,"Wed"
"Door","Bedroom",0.033,546.133,"Wed"
"Door","Kitchen",0.067,546.433,"Wed"
"Fridge","Kitchen",0.3,547.283,"Wed"
"Microwave","Kitchen",1.483,547.783,"Wed"
"Microwave","Kitchen",0.25,549.433,"Wed"
"Door","Kitchen",0.05,557.8,"Wed"
"Door","Living",0.067,560.083,"Wed"
"Door","Living",0.05,561.667,"Wed"
"Door","Bedroom",0.083,562.183,"Wed"
"Door","Bedroom",0.083,562.35,"Wed"
"Door","Living",0.05,562.567,"Wed"
"Seat","Living",73.633,563.167,"Wed"
"Door","Living",0.05,637.433,"Wed"
"Door","Kitchen",0.05,638.267,"Wed"
"Fridge","Kitchen",0.1,639.833,"Wed"
"Door","Kitchen",0.233,646.717,"Wed"
"Door","Kitchen",0.033,654.367,"Wed"
"Cupboard","Kitchen",0.033,659.233,"Wed"
"Door","Kitchen",0.05,661.2,"Wed"
"Door","Bedroom",0.067,662.517,"Wed"
"Door","Bedroom",0.033,666.35,"Wed"
"Door","Living",0.05,667.45,"Wed"
"Seat","Living",7.2,668.433,"Wed"
"Door","Living",0.083,676.75,"Wed"
"Door","Living",0.05,678.817,"Wed"
"Seat","Living",14.7,679.6,"Wed"
"Door","Living",0.05,695.717,"Wed"
"Door","Kitchen",0.383,696.083,"Wed"
"Door","Kitchen",0.05,705.117,"Wed"
"Basin","Bathroom",4.633,707.65,"Wed"
"Shower","Bathroom",2.867,716.05,"Wed"
"Basin","Bathroom",2.433,720.267,"Wed"
"Basin","Bathroom",1.05,727.833,"Wed"
"Door","Bedroom",0.067,730.7,"Wed"
"Door","Bedroom",0.067,740.5,"Wed"
"Basin","Bathroom",1.4,741.517,"Wed"
"Door","Living",0.25,749,"Wed"
"Door","Living",0.033,762.117,"Wed"
"Door","Bedroom",0.067,762.183,"Wed"
"Door","Bedroom",0.233,763.033,"Wed"
"Door","Living",0.05,765.05,"Wed"
"Seat","Living",4.583,766.9,"Wed"
"Door","Living",0.083,772.15,"Wed"
"Maindoor","Entrance",0.083,772.317,"Wed"
"Maindoor","Entrance",0.133,774.45,"Wed"
"Door","Living",0.05,774.117,"Wed"
"Door","Living",0.05,774.5,"Wed"
"Door","Kitchen",0.067,774.683,"Wed"
"Door","Kitchen",0.05,775.4,"Wed"
"Door","Living",0.067,775.633,"Wed"
"Door","Living",0.05,775.9,"Wed"
"Maindoor","Entrance",0.117,777.833,"Wed"
"Maindoor","Entrance",0.1,862.517,"Wed"
"Toilet","Bathroom",0.833,863.183,"Wed"
"Basin","Bathroom",0.85,863.367,"Wed"
"Door","Living",0.233,864.233,"Wed"
"Door","Living",0.1,866.817,"Wed"
"Door","Bedroom",0.067,867.217,"Wed"
"Door","Bedroom",0.067,868.35,"Wed"
"Maindoor","Entrance",0.117,869.65,"Wed"
"Maindoor","Entrance",0.1,949.633,"Wed"
"Door","Living",0.05,950.117,"Wed"
"Door","Living",0.05,954.883,"Wed"
"Door","Living",0.067,958.75,"Wed"
"Seat","Living",228.733,959.183,"Wed"
"Door","Living",0.1,1188.883,"Wed"
"Door","Living",0.067,1193.783,"Wed"
"Door","Living",0.05,1194.917,"Wed"
"Door","Bedroom",0.067,1195.817,"Wed"
"Door","Bedroom",0.033,1196.283,"Wed"
"Door","Living",0.05,1200.717,"Wed"
"Door","Living",0.05,1202.15,"Wed"
"Door","Kitchen",0.05,1202.35,"Wed"
"Door","Kitchen",0.067,1210.033,"Wed"
"Door","Living",0.05,1211.633,"Wed"
"Seat","Living",51.85,1212.967,"Wed"
"Door","Living",0.033,1265.1,"Wed"
"Door","Living",0.05,1266.433,"Wed"
"Door","Living",0.067,1297.15,"Wed"
"Door","Kitchen",0.083,1297.35,"Wed"
"Microwave","Kitchen",2,1300.367,"Wed"
"Cupboard","Kitchen",0.1,1302.383,"Wed"
"Door","Kitchen",0.033,1302.667,"Wed"
"Door","Living",0.05,1302.867,"Wed"
"Door","Living",0.05,1304.1,"Wed"
"Door","Kitchen",0.033,1304.317,"Wed"
"Microwave","Kitchen",0.183,1304.4,"Wed"
"Fridge","Kitchen",0.1,1305.517,"Wed"
"Fridge","Kitchen",0.05,1305.817,"Wed"
"Door","Kitchen",0.05,1307.083,"Wed"
"Door","Living",0.05,1307.25,"Wed"
"Seat","Living",25.367,1308.383,"Wed"
"Door","Living",0.05,1334.383,"Wed"
"Door","Kitchen",0.067,1334.617,"Wed"
"Fridge","Kitchen",0.3,1335.783,"Wed"
"Door","Kitchen",0.033,1337.75,"Wed"
"Door","Living",0.067,1338.583,"Wed"
"Seat","Living",45.85,1339.4,"Wed"
"Door","Living",0.033,1386.233,"Wed"
"Door","Bedroom",0.05,1387.55,"Wed"
"Door","Bedroom",0.1,1391.517,"Wed"
"Door","Kitchen",0.05,1392,"Wed"
"Door","Kitchen",0.05,1392.183,"Wed"
"Door","Living",0.067,1392.55,"Wed"
"Seat","Living",52.067,1393.283,"Wed"
"Door","Living",0.1,6.65,"Thu"
"Basin","Bathroom",0.133,7.333,"Thu"
"Toilet","Bathroom",0.8,9.283,"Thu"
"Basin","Bathroom",0.467,9.7,"Thu"
"Door","Bedroom",0.083,10.4,"Thu"
"Bed","Bedroom",28.067,10.933,"Thu"
"Door","Bedroom",0.067,39.933,"Thu"
"Door","Bedroom",0.1,40.133,"Thu"
"Bed","Bedroom",2.033,40.833,"Thu"
"Door","Bedroom",0.05,43.267,"Thu"
"Door","Living",0.15,43.667,"Thu"
"Seat","Living",70.183,44.033,"Thu"
"Door","Living",0.117,114.517,"Thu"
"Door","Bedroom",0.033,115.45,"Thu"
"Bed","Bedroom",349.05,115.733,"Thu"
"Door","Bedroom",0.05,466.117,"Thu"
"Toilet","Bathroom",0.683,472.183,"Thu"
"Door","Bedroom",0.05,473.433,"Thu"
"Bed","Bedroom",99.6,473.767,"Thu"
"Door","Bedroom",0.083,574.517,"Thu"
"Door","Living",0.05,576.333,"Thu"
"Door","Living",0.05,577.25,"Thu"
"Door","Kitchen",0.067,577.55,"Thu"
"Fridge","Kitchen",0.3,582.05,"Thu"
"Microwave","Kitchen",1.6,582.5,"Thu"
"Door","Kitchen",0.067,587.2,"Thu"
"Door","Living",0.05,587.717,"Thu"
"Door","Living",0.05,588.083,"Thu"
"Toilet","Bathroom",1.25,591.917,"Thu"
"Basin","Bathroom",0.083,592.867,"Thu"
"Door","Bedroom",0.05,593.3,"Thu"
"Door","Bedroom",0.05,593.717,"Thu"
"Basin","Bathroom",3.083,593.8,"Thu"
"Shower","Bathroom",6.583,598.3,"Thu"
"Basin","Bathroom",1.967,605.45,"Thu"
"Door","Bedroom",0.067,608.267,"Thu"
"Door","Bedroom",0.017,610.833,"Thu"
"Door","Kitchen",0.1,611.133,"Thu"
"Door","Kitchen",0.033,616.367,"Thu"
"Door","Bedroom",0.067,617.067,"Thu"
"Door","Bedroom",0.067,620.683,"Thu"
"Door","Living",0.067,623.75,"Thu"
"Seat","Living",53.15,626.683,"Thu"
"Door","Living",0.05,682.283,"Thu"
"Door","Bedroom",0.067,689.883,"Thu"
"Door","Bedroom",0.333,698.9,"Thu"
"Maindoor","Entrance",0.383,702.55,"Thu"
"Maindoor","Entrance",0.133,782.5,"Thu"
"Door","Kitchen",0.033,782.9,"Thu"
"Door","Kitchen",0.05,783.067,"Thu"
"Door","Living",0.033,783.267,"Thu"
"Door","Living",0.05,786.133,"Thu"
"Door","Kitchen",0.05,786.367,"Thu"
"Door","Kitchen",0.033,787.05,"Thu"
"Door","Living",0.05,787.167,"Thu"
"Seat","Living",70.567,789.933,"Thu"
"Door","Living",0.05,862.7,"Thu"
"Door","Kitchen",0.083,862.917,"Thu"
"Door","Kitchen",0.05,874.033,"Thu"
"Door","Living",0.05,874.283,"Thu"
"Door","Living",0.067,881.45,"Thu"
"Door","Kitchen",0.033,881.717,"Thu"
"Cupboard","Kitchen",0.05,889.217,"Thu"
"Door","Kitchen",0.067,889.683,"Thu"
"Door","Living",0.05,889.9,"Thu"
"Door","Living",0.083,904.083,"Thu"
"Door","Kitchen",0.033,904.3,"Thu"
"Fridge","Kitchen",0.05,924.15,"Thu"
"Door","Kitchen",0.05,934.333,"Thu"
"Door","Living",0.05,935.8,"Thu"
"Door","Living",0.033,941.15,"Thu"
"Door","Kitchen",0.05,942.183,"Thu"
"Fridge","Kitchen",0.083,942.717,"Thu"
"Door","Kitchen",0.05,943.317,"Thu"
"Door","Living",0.033,943.4,"Thu"
"Door","Living",0.067,945.467,"Thu"
"Toilet","Bathroom",1.217,948.517,"Thu"
"Basin","Bathroom",1.017,948.883,"Thu"
"Door","Living",0.067,950.35,"Thu"
"Door","Living",0.067,954.083,"Thu"
"Maindoor","Entrance",0.183,954.35,"Thu"
"Maindoor","Entrance",0.117,1210.833,"Thu"
"Door","Living",0.033,1211.433,"Thu"
"Door","Living",0.05,1216.017,"Thu"
"Door","Kitchen",0.033,1216.267,"Thu"
"Door","Kitchen",0.067,1217.2,"Thu"
"Door","Living",0.067,1217.5,"Thu"
"Door","Living",0.033,1326.95,"Thu"
"Door","Kitchen",0.05,1327.433,"Thu"
"Door","Kitchen",0.033,1342.45,"Thu"
"Door","Living",0.05,1342.683,"Thu"
"Door","Living",0.033,1346.033,"Thu"
"Door","Kitchen",0.033,1346.233,"Thu"
"Microwave","Kitchen",4.017,1346.65,"Thu"
"Cupboard","Kitchen",0.167,1348.117,"Thu"
"Door","Kitchen",0.067,1350.733,"Thu"
"Door","Living",0.05,1350.95,"Thu"
"Door","Living",0.067,48.517,"Fri"
"Door","Kitchen",0.05,48.767,"Fri"
"Door","Kitchen",0.05,50.517,"Fri"
"Door","Living",0.083,50.833,"Fri"
"Door","Living",0.05,51.183,"Fri"
"Basin","Bathroom",2.883,51.65,"Fri"
"Toilet","Bathroom",0.717,54.567,"Fri"
"Basin","Bathroom",0.117,55.083,"Fri"
"Door","Living",0.033,55.383,"Fri"
"Door","Living",0.05,57.933,"Fri"
"Door","Bedroom",0.033,58.05,"Fri"
"Bed","Bedroom",577.35,59.083,"Fri"
"Door","Bedroom",0.05,637.917,"Fri"
"Door","Living",0.05,638,"Fri"
"Door","Living",0.05,638.833,"Fri"
"Door","Kitchen",0.067,639.233,"Fri"
"Fridge","Kitchen",0.033,640.15,"Fri"
"Microwave","Kitchen",0.9,641.317,"Fri"
"Door","Kitchen",0.033,652.933,"Fri"
"Shower","Bathroom",3.167,663.767,"Fri"
"Basin","Bathroom",3.217,669.4,"Fri"
"Basin","Bathroom",1.85,675.917,"Fri"
"Door","Bedroom",0.067,682.483,"Fri"
"Door","Bedroom",0.1,699.167,"Fri"
"Basin","Bathroom",7.7,700.183,"Fri"
"Door","Living",0.05,708.317,"Fri"
"Door","Living",0.033,729.167,"Fri"
"Door","Kitchen",0.017,729.533,"Fri"
"Fridge","Kitchen",0.1,729.6,"Fri"
"Door","Kitchen",0.033,729.917,"Fri"
"Maindoor","Entrance",0.1,730.1,"Fri"
"Maindoor","Entrance",0.1,773.717,"Fri"
"Door","Bedroom",0.067,775.717,"Fri"
"Door","Bedroom",0.033,776.3,"Fri"
"Door","Living",0.05,776.467,"Fri"
"Seat","Living",53.967,777.883,"Fri"
"Door","Living",0.067,832.133,"Fri"
"Door","Kitchen",0.067,832.583,"Fri"
"Door","Kitchen",0.067,851.85,"Fri"
"Door","Living",0.083,852.067,"Fri"
"Door","Living",0.083,859,"Fri"
"Door","Kitchen",0.05,859.217,"Fri"
"Cupboard","Kitchen",0.117,860.667,"Fri"
"Door","Kitchen",0.067,861.917,"Fri"
"Door","Living",0.05,862.133,"Fri"
"Door","Living",0.05,866.133,"Fri"
"Door","Kitchen",0.05,866.317,"Fri"
"Door","Kitchen",0.05,868.633,"Fri"
"Door","Living",0.067,868.817,"Fri"
"Door","Living",0.05,888.05,"Fri"
"Door","Kitchen",0.05,888.267,"Fri"
"Door","Kitchen",0.033,889.633,"Fri"
"Door","Living",0.05,889.833,"Fri"
"Door","Living",0.05,894.317,"Fri"
"Door","Kitchen",0.433,894.517,"Fri"
"Door","Kitchen",0.033,895.883,"Fri"
"Toilet","Bathroom",1.467,905.467,"Fri"
"Door","Bedroom",0.233,907.1,"Fri"
"Door","Bedroom",0.233,909.1,"Fri"
"Door","Living",0.067,910.35,"Fri"
"Door","Living",0.033,916.383,"Fri"
"Maindoor","Entrance",0.117,917.583,"Fri"
"Maindoor","Entrance",0.083,1083.967,"Fri"
"Door","Living",0.067,1084.317,"Fri"
"Door","Living",0.05,1084.633,"Fri"
"Toilet","Bathroom",0.95,1089.15,"Fri"
"Door","Living",0.05,1090.9,"Fri"
"Door","Living",0.05,1091.6,"Fri"
"Door","Kitchen",0.083,1091.833,"Fri"
"Microwave","Kitchen",1.667,1094.533,"Fri"
"Fridge","Kitchen",0.183,1094.633,"Fri"
"Door","Kitchen",0.05,1096.417,"Fri"
"Door","Living",0.05,1096.933,"Fri"
"Seat","Living",118.8,1098.183,"Fri"
"Door","Living",0.05,1217.25,"Fri"
"Door","Kitchen",0.133,1217.5,"Fri"
"Door","Kitchen",0.033,1217.917,"Fri"
"Door","Living",0.067,1219.217,"Fri"
"Seat","Living",8.6,1225.4,"Fri"
"Door","Living",0.05,1234.1,"Fri"
"Door","Kitchen",0.067,1234.333,"Fri"
"Door","Kitchen",0.033,1234.617,"Fri"
"Door","Living",0.05,1234.883,"Fri"
"Seat","Living",62.783,1235.033,"Fri"
"Door","Living",0.083,1298.25,"Fri"
"Door","Living",0.05,1322.617,"Fri"
"Door","Living",0.033,1323.617,"Fri"
"Basin","Bathroom",0.433,1330.25,"Fri"
"Door","Living",0.05,1331.8,"Fri"
"Door","Living",0.033,1338.033,"Fri"
"Maindoor","Entrance",0.183,1338.683,"Fri"
"Maindoor","Entrance",0.1,139.833,"Sat"
"Door","Bedroom",0.15,140.783,"Sat"
"Door","Bedroom",0.033,142.167,"Sat"
"Door","Living",0.05,142.733,"Sat"
"Door","Living",0.033,144.6,"Sat"
"Basin","Bathroom",3.117,146.583,"Sat"
"Toilet","Bathroom",0.917,151.083,"Sat"
"Basin","Bathroom",2.433,151.417,"Sat"
"Door","Bedroom",0.067,154.517,"Sat"
"Bed","Bedroom",429.35,156.1,"Sat"
"Door","Bedroom",0.083,586.517,"Sat"
"Toilet","Bathroom",1.083,592.283,"Sat"
"Door","Living",0.05,595.917,"Sat"
"Door","Living",0.05,597.417,"Sat"
"Door","Kitchen",0.067,597.633,"Sat"
"Fridge","Kitchen",0.1,598.683,"Sat"
"Fridge","Kitchen",0.05,599.033,"Sat"
"Microwave","Kitchen",1.5,599.433,"Sat"
"Door","Kitchen",0.067,603.9,"Sat"
"Door","Bedroom",0.05,607.467,"Sat"
"Door","Bedroom",0.033,617.533,"Sat"
"Shower","Bathroom",3.017,618.1,"Sat"
"Basin","Bathroom",4.083,621.45,"Sat"
"Basin","Bathroom",5.167,629.217,"Sat"
"Door","Bedroom",0.067,635.883,"Sat"
"Door","Bedroom",0.033,636.033,"Sat"
"Basin","Bathroom",3.283,638.767,"Sat"
"Door","Bedroom",0.05,643.35,"Sat"
"Door","Bedroom",0.05,644.217,"Sat"
"Maindoor","Entrance",0.133,647.317,"Sat"
"Maindoor","Entrance",0.117,734.8,"Sat"
"Door","Living",0.3,735.417,"Sat"
"Door","Living",0.05,739.567,"Sat"
"Door","Bedroom",0.067,739.75,"Sat"
"Door","Bedroom",0.067,746.383,"Sat"
"Door","Bedroom",0.067,747.283,"Sat"
"Door","Bedroom",0.033,753.617,"Sat"
"Basin","Bathroom",7.833,755.967,"Sat"
"Door","Bedroom",0.167,764.017,"Sat"
"Door","Bedroom",0.067,764.8,"Sat"
"Door","Living",0.05,765.4,"Sat"
"Seat","Living",81.3,765.8,"Sat"
"Door","Living",0.05,848.417,"Sat"
"Door","Kitchen",0.083,848.617,"Sat"
"Door","Kitchen",0.033,848.867,"Sat"
"Door","Living",0.05,849.067,"Sat"
"Seat","Living",20.95,850.883,"Sat"
"Door","Living",0.05,871.917,"Sat"
"Door","Living",0.1,872.133,"Sat"
"Door","Living",0.05,878.167,"Sat"
"Door","Bedroom",0.817,880.033,"Sat"
"Door","Bedroom",0.65,881.067,"Sat"
"Maindoor","Entrance",0.05,882.217,"Sat"
"Maindoor","Entrance",0.083,984.133,"Sat"
"Door","Bedroom",0.05,984.75,"Sat"
"Door","Bedroom",0.217,985.45,"Sat"
"Toilet","Bathroom",0.933,990.267,"Sat"
"Basin","Bathroom",0.15,990.433,"Sat"
"Door","Living",0.05,990.9,"Sat"
"Door","Living",0.05,992.017,"Sat"
"Door","Kitchen",0.05,992.183,"Sat"
"Door","Kitchen",0.05,992.533,"Sat"
"Door","Living",0.05,992.75,"Sat"
"Seat","Living",54.333,993.3,"Sat"
"Door","Living",0.033,1048.883,"Sat"
"Door","Kitchen",0.05,1050.45,"Sat"
"Door","Kitchen",0.033,1050.8,"Sat"
"Door","Living",0.05,1051.05,"Sat"
"Door","Living",0.067,1055.1,"Sat"
"Door","Bedroom",0.067,1055.317,"Sat"
"Door","Bedroom",0.033,1056.767,"Sat"
"Door","Living",0.067,1059.5,"Sat"
"Door","Living",0.05,1080.567,"Sat"
"Door","Living",0.05,1117.833,"Sat"
"Door","Living",0.067,1140.9,"Sat"
"Door","Kitchen",0.033,1141.117,"Sat"
"Door","Kitchen",0.15,1141.35,"Sat"
"Door","Living",0.05,1141.633,"Sat"
"Seat","Living",35.333,1142.183,"Sat"
"Door","Living",0.05,1179.417,"Sat"
"Door","Kitchen",0.05,1179.7,"Sat"
"Door","Kitchen",0.05,1181.533,"Sat"
"Door","Living",0.05,1181.867,"Sat"
"Seat","Living",42.667,1183.25,"Sat"
"Door","Living",0.05,1226.433,"Sat"
"Door","Kitchen",0.15,1226.683,"Sat"
"Microwave","Kitchen",0.783,1226.9,"Sat"
"Door","Kitchen",0.117,1227.85,"Sat"
"Door","Living",0.067,1228.133,"Sat"
"Door","Living",0.05,1230.917,"Sat"
"Door","Kitchen",0.067,1231.117,"Sat"
"Microwave","Kitchen",0.117,1231.25,"Sat"
"Door","Kitchen",0.1,1231.45,"Sat"
"Door","Living",0.05,1232.017,"Sat"
"Door","Living",0.05,1234.033,"Sat"
"Door","Bedroom",0.067,1235.667,"Sat"
"Door","Bedroom",0.083,1237.017,"Sat"
"Door","Living",0.017,1237.967,"Sat"
"Door","Living",0.05,1243.767,"Sat"
"Toilet","Bathroom",1.15,1244.583,"Sat"
"Basin","Bathroom",0.467,1246,"Sat"
"Door","Bedroom",0.017,1246.683,"Sat"
"Door","Bedroom",0.067,1246.883,"Sat"
"Door","Living",0.05,1247.833,"Sat"
"Door","Living",0.067,1250.167,"Sat"
"Door","Bedroom",0.067,1250.283,"Sat"
"Door","Bedroom",0.067,1250.517,"Sat"
"Door","Living",0.05,1250.683,"Sat"
"Door","Living",0.05,1253.817,"Sat"
"Basin","Bathroom",1.017,1254.267,"Sat"
"Door","Living",0.05,1256.067,"Sat"
"Door","Living",0.05,1278.933,"Sat"
"Maindoor","Entrance",0.15,1279.117,"Sat"
"Maindoor","Entrance",0.05,31.283,"Sun"
"Door","Bedroom",0.167,32.1,"Sun"
"Door","Bedroom",0.067,35.167,"Sun"
"Door","Living",0.05,39.35,"Sun"
"Seat","Living",53,40.4,"Sun"
"Door","Living",0.05,94.1,"Sun"
"Door","Bedroom",0.117,99.2,"Sun"
"Bed","Bedroom",436.25,100.3,"Sun"
"Door","Bedroom",0.067,537.633,"Sun"
"Door","Living",0.067,537.75,"Sun"
"Door","Living",0.1,538.933,"Sun"
"Door","Kitchen",0.05,539.217,"Sun"
"Door","Kitchen",0.033,539.7,"Sun"
"Toilet","Bathroom",1.033,545.183,"Sun"
"Door","Kitchen",0.05,547.417,"Sun"
"Fridge","Kitchen",0.083,549.417,"Sun"
"Microwave","Kitchen",1.55,549.75,"Sun"
"Fridge","Kitchen",0.033,552.333,"Sun"
"Door","Kitchen",0.033,554.55,"Sun"
"Door","Bedroom",0.05,559.933,"Sun"
"Door","Bedroom",0.067,560.667,"Sun"
"Door","Kitchen",0.033,561.067,"Sun"
"Door","Kitchen",0.033,561.133,"Sun"
"Shower","Bathroom",7.617,562.183,"Sun"
"Basin","Bathroom",9.467,570.35,"Sun"
"Basin","Bathroom",3.617,581.3,"Sun"
"Door","Bedroom",0.033,587.517,"Sun"
"Door","Bedroom",0.033,593.55,"Sun"
"Maindoor","Entrance",0.05,599.467,"Sun"
"Maindoor","Entrance",0.083,606.817,"Sun"
"Door","Bedroom",0.05,607.633,"Sun"
"Door","Bedroom",0.033,608.3,"Sun"
"Door","Kitchen",0.05,609.133,"Sun"
"Door","Kitchen",0.05,623.717,"Sun"
"Door","Bedroom",0.05,624.3,"Sun"
"Door","Bedroom",0.05,630.867,"Sun"
"Door","Living",0.033,631,"Sun"
"Door","Living",0.067,633.333,"Sun"
"Door","Living",0.05,636.65,"Sun"
"Seat","Living",11.4,637.55,"Sun"
"Door","Living",0.05,648.967,"Sun"
"Maindoor","Entrance",0.033,653.067,"Sun"
"Maindoor","Entrance",0.067,874.133,"Sun"
"Door","Living",0.033,874.3,"Sun"
"Door","Living",0.05,877.75,"Sun"
"Door","Kitchen",0.05,878.767,"Sun"
"Door","Kitchen",0.033,889.917,"Sun"
"Door","Living",0.05,890.083,"Sun"
"Door","Living",0.05,890.483,"Sun"
"Door","Kitchen",0.05,890.817,"Sun"
"Cupboard","Kitchen",0.167,891.067,"Sun"
"Door","Kitchen",0.067,895.333,"Sun"
"Door","Living",0.05,895.567,"Sun"
"Door","Living",0.05,896.133,"Sun"
"Door","Kitchen",0.1,896.333,"Sun"
"Door","Kitchen",0.05,897.65,"Sun"
"Door","Living",0.067,897.9,"Sun"
"Door","Living",0.05,954.5,"Sun"
"Door","Kitchen",0.067,954.7,"Sun"
"Door","Kitchen",0.017,957.1,"Sun"
"Door","Living",0.05,957.133,"Sun"
"Door","Living",0.083,958.8,"Sun"
"Door","Kitchen",0.067,959.033,"Sun"
"Door","Kitchen",0.1,1011.75,"Sun"
"Door","Living",0.067,1012.017,"Sun"
"Door","Living",0.05,1034.483,"Sun"
"Door","Kitchen",0.05,1034.7,"Sun"
"Door","Kitchen",0.033,1040.083,"Sun"
"Toilet","Bathroom",1.083,1045.917,"Sun"
"Basin","Bathroom",4.583,1046.267,"Sun"
"Door","Living",0.033,1051.017,"Sun"
"Door","Living",0.033,1064.45,"Sun"
"Basin","Bathroom",0.767,1064.55,"Sun"
"Door","Living",0.05,1065.55,"Sun"
"Seat","Living",37.75,1066.283,"Sun"
"Door","Living",0.05,1105.233,"Sun"
"Door","Kitchen",0.033,1105.483,"Sun"
"Door","Kitchen",0.067,1109.633,"Sun"
"Door","Living",0.1,1109.85,"Sun"
"Door","Living",0.033,1110.317,"Sun"
"Door","Kitchen",0.067,1110.483,"Sun"
"Door","Kitchen",0.117,1112.117,"Sun"
"Door","Living",0.05,1112.367,"Sun"
"Seat","Living",14.833,1112.717,"Sun"
"Door","Living",0.05,1127.617,"Sun"
"Door","Living",0.067,1129.5,"Sun"
"Seat","Living",45.55,1134.067,"Sun"
"Door","Living",0.05,1180.1,"Sun"
"Door","Kitchen",0.117,1180.317,"Sun"
"Door","Kitchen",0.1,1184.767,"Sun"
"Door","Living",0.05,1189.85,"Sun"
"Door","Living",0.033,1192.783,"Sun"
"Maindoor","Entrance",0.133,1193.417,"Sun"
"Maindoor","Entrance",0.117,1343.6,"Sun"
"Door","Kitchen",0.033,1344.017,"Sun"
"Fridge","Kitchen",0.1,1344.367,"Sun"
"Fridge","Kitchen",0.067,1345.083,"Sun"
"Door","Kitchen",0.033,1346.05,"Sun"
"Door","Living",0.05,1346.317,"Sun"
"Door","Living",0.05,1346.5,"Sun"
"Door","Bedroom",0.15,1346.833,"Sun"
"Door","Bedroom",0.05,1349.1,"Sun"
"Basin","Bathroom",3.983,1350.533,"Sun"
"Basin","Bathroom",2.083,1360.767,"Sun"
"Door","Living",0.05,1363.617,"Sun"
"Door","Living",0.05,1380.35,"Sun"
"Door","Kitchen",0.1,1380.6,"Sun"
"Microwave","Kitchen",3.817,1380.983,"Sun"
"Door","Kitchen",0.067,1382.667,"Sun"
"Door","Living",0.05,1382.867,"Sun"
"Door","Living",0.033,1383.15,"Sun"
"Basin","Bathroom",0.033,1383.267,"Sun"
"Door","Living",0.05,1383.383,"Sun"
"Door","Living",0.05,1384.433,"Sun"
"Door","Kitchen",0.033,1384.667,"Sun"
"Door","Kitchen",0.033,1385.233,"Sun"
"Door","Living",0.05,1385.35,"Sun"
"Seat","Living",60.767,1386.233,"Sun"
"Door","Living",0.05,8.833,"Mon"
"Door","Kitchen",0.083,9.067,"Mon"
"Door","Kitchen",0.05,10.1,"Mon"
"Toilet","Bathroom",0.683,12.033,"Mon"
"Door","Bedroom",0.067,12.9,"Mon"
"Bed","Bedroom",593.567,14.2,"Mon"
"Door","Bedroom",0.117,609.767,"Mon"
"Toilet","Bathroom",1.167,611.167,"Mon"
"Door","Kitchen",0.067,613.383,"Mon"
"Fridge","Kitchen",0.067,614.017,"Mon"
"Fridge","Kitchen",0.067,614.5,"Mon"
"Microwave","Kitchen",2.35,614.85,"Mon"
"Fridge","Kitchen",0.3,624.5,"Mon"
"Door","Kitchen",0.05,625,"Mon"
"Door","Living",0.233,625.233,"Mon"
"Door","Living",0.05,633.383,"Mon"
"Door","Kitchen",0.067,633.617,"Mon"
"Door","Kitchen",0.033,633.95,"Mon"
"Door","Living",0.05,634.233,"Mon"
"Seat","Living",51.267,636.133,"Mon"
"Door","Living",0.083,687.683,"Mon"
"Door","Kitchen",0.117,688.65,"Mon"
"Door","Kitchen",0.033,690.267,"Mon"
"Door","Living",0.05,690.667,"Mon"
"Door","Living",0.05,693.617,"Mon"
"Door","Bedroom",0.083,694.8,"Mon"
"Door","Bedroom",0.017,698.267,"Mon"
"Door","Living",0.067,698.383,"Mon"
"Door","Living",0.05,698.567,"Mon"
"Door","Kitchen",0.067,698.867,"Mon"
"Door","Kitchen",0.033,699.25,"Mon"
"Door","Bedroom",0.033,699.517,"Mon"
"Door","Bedroom",0.033,702.883,"Mon"
"Door","Living",0.05,703,"Mon"
"Door","Living",0.05,703.15,"Mon"
"Door","Kitchen",0.083,709.017,"Mon"
"Door","Kitchen",0.033,709.333,"Mon"
"Basin","Bathroom",1.367,711.55,"Mon"
"Basin","Bathroom",2.633,719.05,"Mon"
"Shower","Bathroom",6.933,724.55,"Mon"
"Toilet","Bathroom",0.9,734.517,"Mon"
"Basin","Bathroom",0.317,737.95,"Mon"
"Door","Living",0.05,744.517,"Mon"
"Door","Living",0.05,749.25,"Mon"
"Basin","Bathroom",3.75,749.75,"Mon"
"Door","Bedroom",0.083,756.533,"Mon"
"Door","Bedroom",0.033,758.017,"Mon"
"Door","Living",0.05,759.2,"Mon"
"Door","Living",0.033,760.15,"Mon"
"Door","Kitchen",0.067,760.317,"Mon"
"Door","Kitchen",0.033,760.833,"Mon"
"Door","Living",0.05,761.05,"Mon"
"Seat","Living",103.417,762.65,"Mon"
"Door","Living",0.033,867.017,"Mon"
"Basin","Bathroom",0.383,867.133,"Mon"
"Door","Living",0.05,867.767,"Mon"
"Door","Living",0.033,868.317,"Mon"
"Toilet","Bathroom",1.067,869.367,"Mon"
"Basin","Bathroom",0.017,869.45,"Mon"
"Door","Bedroom",0.167,870.2,"Mon"
"Door","Bedroom",0.033,870.95,"Mon"
"Maindoor","Entrance",0.05,871.733,"Mon"
"Maindoor","Entrance",0.067,952.483,"Mon"
"Door","Living",0.033,952.55,"Mon"
"Door","Living",0.05,954.083,"Mon"
"Toilet","Bathroom",0.667,954.183,"Mon"
"Door","Living",0.033,954.217,"Mon"
"Door","Living",0.033,955.367,"Mon"
"Door","Kitchen",0.067,955.467,"Mon"
"Fridge","Kitchen",0.033,955.833,"Mon"
"Microwave","Kitchen",1.9,960.233,"Mon"
"Microwave","Kitchen",2.317,962.633,"Mon"
"Fridge","Kitchen",0.033,965.167,"Mon"
"Door","Kitchen",0.033,967.783,"Mon"
"Door","Living",0.033,968.05,"Mon"
"Seat","Living",213,969.017,"Mon"
"Door","Living",0.067,1184.517,"Mon"
"Door","Living",0.05,1185.517,"Mon"
"Door","Living",0.05,1188.883,"Mon"
"Door","Kitchen",0.067,1190.5,"Mon"
"Door","Kitchen",0.067,1195.517,"Mon"
"Door","Living",0.1,1196.633,"Mon"
"Seat","Living",92.65,1196.817,"Mon"
"Door","Living",0.05,1291.05,"Mon"
"Door","Living",0.05,1291.25,"Mon"
"Door","Living",0.067,1319.45,"Mon"
"Door","Kitchen",0.05,1319.717,"Mon"
"Microwave","Kitchen",2,1320.55,"Mon"
"Fridge","Kitchen",0.183,1320.817,"Mon"
"Cupboard","Kitchen",0.1,1321.717,"Mon"
"Door","Kitchen",0.033,1324.617,"Mon"
"Door","Living",0.05,1325.55,"Mon"
"Door","Living",0.133,1326.667,"Mon"
"Door","Kitchen",0.083,1326.983,"Mon"
"Door","Kitchen",0.05,1327.2,"Mon"
"Door","Living",0.033,1327.45,"Mon"
"Door","Living",0.067,1344.9,"Mon"
"Basin","Bathroom",4.75,1345.1,"Mon"
"Door","Living",0.05,1350.15,"Mon"
"Door","Living",0.05,1350.85,"Mon"
"Door","Kitchen",0.317,1351.1,"Mon"
"Fridge","Kitchen",0.067,1351.917,"Mon"
"Door","Kitchen",0.033,1352.067,"Mon"
"Door","Living",0.133,1352.533,"Mon"
"Seat","Living",107.433,1353.233,"Mon"
"Door","Living",0.05,22.75,"Tue"
"Door","Kitchen",0.033,23.367,"Tue"
"Door","Kitchen",0.017,23.917,"Tue"
"Door","Living",0.583,24.183,"Tue"
"Seat","Living",55.833,25.267,"Tue"
"Door","Living",0.05,82.467,"Tue"
"Toilet","Bathroom",0.917,83.833,"Tue"
"Door","Bedroom",0.033,85.217,"Tue"
"Bed","Bedroom",509.033,87.183,"Tue"
"Door","Bedroom",0.05,598.55,"Tue"
"Door","Living",0.05,599.667,"Tue"
"Door","Living",0.05,601.733,"Tue"
"Door","Kitchen",0.033,602.117,"Tue"
"Door","Kitchen",0.067,614.533,"Tue"
"Door","Living",0.033,614.95,"Tue"
"Door","Living",0.05,615.067,"Tue"
"Door","Bedroom",0.067,615.167,"Tue"
"Door","Bedroom",0.033,615.833,"Tue"
"Toilet","Bathroom",1.267,619.95,"Tue"
"Door","Living",0.067,621.033,"Tue"
"Door","Living",0.05,621.3,"Tue"
"Door","Kitchen",0.1,621.7,"Tue"
"Fridge","Kitchen",0.083,624.9,"Tue"
"Door","Kitchen",0.033,630.667,"Tue"
"Door","Living",0.05,631.983,"Tue"
"Door","Living",0.05,637.033,"Tue"
"Door","Bedroom",0.167,637.3,"Tue"
"Door","Bedroom",0.033,637.817,"Tue"
"Basin","Bathroom",7.717,640.583,"Tue"
"Basin","Bathroom",4.8,653.883,"Tue"
"Door","Kitchen",0.033,660.267,"Tue"
"Fridge","Kitchen",0.067,660.85,"Tue"
"Door","Kitchen",0.033,674.7,"Tue"
"Door","Living",0.033,675.367,"Tue"
"Seat","Living",96.933,677.233,"Tue"
"Door","Living",0.033,775.667,"Tue"
"Toilet","Bathroom",1.233,781.8,"Tue"
"Door","Kitchen",0.05,783.467,"Tue"
"Fridge","Kitchen",0.267,784.983,"Tue"
"Door","Kitchen",0.033,789.917,"Tue"
"Door","Living",0.05,790.133,"Tue"
"Door","Living",0.05,790.633,"Tue"
"Door","Kitchen",0.033,790.85,"Tue"
"Door","Kitchen",0.05,795.333,"Tue"
"Door","Living",0.05,800.483,"Tue"
"Door","Living",0.05,808.267,"Tue"
"Door","Kitchen",0.033,808.55,"Tue"
"Door","Kitchen",0.05,813.2,"Tue"
"Door","Living",0.033,813.417,"Tue"
"Door","Living",0.05,818.383,"Tue"
"Door","Living",0.05,850.05,"Tue"
"Door","Living",0.05,864.867,"Tue"
"Door","Kitchen",0.05,865.183,"Tue"
"Cupboard","Kitchen",0.333,867.15,"Tue"
"Door","Kitchen",0.05,870.35,"Tue"
"Door","Living",0.05,870.55,"Tue"
"Door","Living",0.05,875.917,"Tue"
"Door","Kitchen",0.183,876.117,"Tue"
"Fridge","Kitchen",0.75,877.683,"Tue"
"Door","Kitchen",0.033,878.583,"Tue"
"Door","Living",0.067,878.767,"Tue"
"Door","Living",0.05,896.367,"Tue"
"Door","Kitchen",0.1,898.167,"Tue"
"Door","Kitchen",0.067,912.25,"Tue"
"Door","Living",0.067,912.467,"Tue"
"Seat","Living",28.5,913.7,"Tue"
"Door","Living",0.033,943.367,"Tue"
"Door","Kitchen",0.067,943.433,"Tue"
"Door","Kitchen",0.033,944.05,"Tue"
"Door","Living",0.033,950.433,"Tue"
"Door","Living",0.067,951.35,"Tue"
"Door","Kitchen",0.05,952.65,"Tue"
"Door","Kitchen",0.033,953.133,"Tue"
"Toilet","Bathroom",1,954.45,"Tue"
"Door","Living",0.05,954.667,"Tue"
"Door","Living",0.05,956.733,"Tue"
"Maindoor","Entrance",0.067,959.25,"Tue"
"Maindoor","Entrance",0.117,1231.233,"Tue"
"Door","Living",0.05,1234.067,"Tue"
"Seat","Living",1.833,1235.733,"Tue"
"Door","Living",0.033,1237.85,"Tue"
"Door","Living",0.05,1237.917,"Tue"
"Seat","Living",72.267,1238.017,"Tue"
"Door","Living",0.05,1311.483,"Tue"
"Door","Kitchen",0.133,1311.783,"Tue"
"Door","Kitchen",0.05,1317.15,"Tue"
"Door","Living",0.05,1317.35,"Tue"
"Seat","Living",123.1,1318.1,"Tue"
"Door","Living",0.033,3.7,"Wed"
"Basin","Bathroom",0.25,3.85,"Wed"
"Door","Living",0.017,5.95,"Wed"
"Door","Living",0.05,6.583,"Wed"
"Toilet","Bathroom",0.933,8.783,"Wed"
"Basin","Bathroom",0.567,8.917,"Wed"
"Door","Living",0.05,9.783,"Wed"
"Door","Living",0.05,10.25,"Wed"
"Door","Bedroom",0.033,12.25,"Wed"
"Bed","Bedroom",579.883,12.9,"Wed"
"Door","Bedroom",0.033,593.167,"Wed"
"Toilet","Bathroom",1.117,599,"Wed"
"Door","Living",0.05,600.3,"Wed"
"Door","Living",0.05,601,"Wed"
"Door","Kitchen",0.033,601.35,"Wed"
"Fridge","Kitchen",0.05,602.533,"Wed"
"Fridge","Kitchen",0.05,602.8,"Wed"
"Fridge","Kitchen",0.1,606.55,"Wed"
"Door","Kitchen",0.033,606.8,"Wed"
"Door","Living",0.05,607,"Wed"
"Seat","Living",81.367,609.117,"Wed"
"Door","Living",0.05,692.933,"Wed"
"Door","Living",0.05,693.867,"Wed"
"Door","Living",0.033,694.783,"Wed"
"Basin","Bathroom",6.483,697.95,"Wed"
"Toilet","Bathroom",1.217,708.083,"Wed"
"Basin","Bathroom",2.9,709.85,"Wed"
"Maindoor","Entrance",0.05,721.8,"Wed"
"Maindoor","Entrance",0.083,746.083,"Wed"
"Door","Kitchen",0.033,756.533,"Wed"
"Door","Kitchen",0.033,764.417,"Wed"
"Door","Living",0.05,765.217,"Wed"
"Seat","Living",40.183,766.1,"Wed"
"Door","Living",0.05,807.783,"Wed"
"Door","Kitchen",0.033,808.017,"Wed"
"Door","Kitchen",0.05,810.867,"Wed"
"Door","Living",0.05,811.083,"Wed"
"Door","Living",0.05,811.467,"Wed"
"Door","Bedroom",0.083,815.3,"Wed"
"Door","Bedroom",0.033,821.133,"Wed"
"Door","Living",0.05,821.217,"Wed"
"Door","Living",0.033,822.65,"Wed"
"Door","Bedroom",0.05,827.517,"Wed"
"Door","Bedroom",0.1,827.783,"Wed"
"Door","Living",0.067,828.333,"Wed"
"Door","Living",0.05,838.217,"Wed"
"Door","Kitchen",0.183,839.217,"Wed"
"Door","Kitchen",0.05,850.55,"Wed"
"Door","Living",0.05,850.733,"Wed"
"Seat","Living",48.667,852.933,"Wed"
"Door","Living",0.067,901.717,"Wed"
"Door","Kitchen",0.05,902.133,"Wed"
"Cupboard","Kitchen",0.067,914.683,"Wed"
"Door","Kitchen",0.05,915.633,"Wed"
"Door","Living",0.05,915.85,"Wed"
"Door","Living",0.05,922.617,"Wed"
"Door","Living",0.05,924.15,"Wed"
"Door","Living",0.033,924.533,"Wed"
"Door","Kitchen",0.067,924.717,"Wed"
"Door","Kitchen",0.05,932.117,"Wed"
"Door","Living",0.05,932.317,"Wed"
"Door","Living",0.05,953.933,"Wed"
"Door","Kitchen",0.05,954.133,"Wed"
"Door","Kitchen",0.033,954.933,"Wed"
"Door","Living",0.033,955.117,"Wed"
"Door","Living",0.05,955.633,"Wed"
"Door","Kitchen",0.083,956.15,"Wed"
"Door","Kitchen",0.033,957.6,"Wed"
"Door","Living",0.05,957.767,"Wed"
"Seat","Living",110.1,958.217,"Wed"
"Door","Living",0.05,1070.483,"Wed"
"Door","Kitchen",0.067,1070.75,"Wed"
"Fridge","Kitchen",0.217,1073.033,"Wed"
"Door","Kitchen",0.033,1075.767,"Wed"
"Door","Living",0.05,1076.05,"Wed"
"Seat","Living",68.283,1077.183,"Wed"
"Door","Living",0.05,1146.3,"Wed"
"Door","Living",0.05,1153.017,"Wed"
"Seat","Living",58.633,1155.3,"Wed"
"Door","Living",0.05,1214.1,"Wed"
"Door","Living",0.05,1234.317,"Wed"
"Door","Living",0.033,1261.283,"Wed"
"Door","Bedroom",0.067,1261.367,"Wed"
"Door","Bedroom",0.05,1262.15,"Wed"
"Door","Living",0.033,1262.783,"Wed"
"Door","Living",0.117,1263.117,"Wed"
"Door","Bedroom",0.05,1264.25,"Wed"
"Door","Bedroom",0.033,1264.517,"Wed"
"Door","Living",0.05,1267.867,"Wed"
"Door","Living",0.033,1268.583,"Wed"
"Toilet","Bathroom",0.667,1268.983,"Wed"
"Door","Bedroom",0.05,1270.333,"Wed"
"Door","Bedroom",0.033,1270.6,"Wed"
"Door","Living",0.05,1271.133,"Wed"
"Door","Living",0.05,1273.383,"Wed"
"Door","Kitchen",0.05,1273.717,"Wed"
"Door","Kitchen",0.033,1274.167,"Wed"
"Door","Living",0.05,1274.3,"Wed"
"Door","Living",0.067,1278.05,"Wed"
"Maindoor","Entrance",0.15,1278.217,"Wed"
"Maindoor","Entrance",0.117,100.15,"Thu"
"Door","Kitchen",0.033,100.7,"Thu"
"Fridge","Kitchen",0.3,102.133,"Thu"
"Door","Kitchen",0.033,102.767,"Thu"
"Door","Bedroom",0.083,105.617,"Thu"
"Door","Bedroom",0.067,107.083,"Thu"
"Basin","Bathroom",0.317,107.4,"Thu"
"Door","Living",0.05,112.25,"Thu"
"Door","Living",0.05,114.233,"Thu"
"Door","Bedroom",0.05,115.6,"Thu"
"Bed","Bedroom",267.017,116.25,"Thu"
"Door","Bedroom",0.05,383.6,"Thu"
"Door","Bedroom",0.133,385.817,"Thu"
"Bed","Bedroom",40.583,569.233,"Thu"
"Door","Bedroom",0.05,611.75,"Thu"
"Toilet","Bathroom",1.15,616.467,"Thu"
"Door","Living",0.05,617.167,"Thu"
"Door","Living",0.05,619.25,"Thu"
"Door","Kitchen",0.05,619.867,"Thu"
"Fridge","Kitchen",0.383,620.433,"Thu"
"Fridge","Kitchen",0.483,624.017,"Thu"
"Cupboard","Kitchen",0.983,625.117,"Thu"
"Door","Kitchen",0.15,642.267,"Thu"
"Door","Living",0.05,645.167,"Thu"
"Door","Living",0.05,652.017,"Thu"
"Door","Bedroom",0.05,652.917,"Thu"
"Door","Bedroom",0.033,659.717,"Thu"
"Door","Kitchen",0.033,662.45,"Thu"
"Cupboard","Kitchen",0.167,669.05,"Thu"
"Door","Kitchen",0.05,670.45,"Thu"
"Door","Living",0.067,671.617,"Thu"
"Seat","Living",43.883,672,"Thu"
"Door","Living",0.05,716.1,"Thu"
"Door","Kitchen",0.017,716.683,"Thu"
"Fridge","Kitchen",0.083,716.733,"Thu"
"Door","Kitchen",0.033,729.083,"Thu"
"Basin","Bathroom",11,740.433,"Thu"
"Door","Living",0.05,758.25,"Thu"
"Seat","Living",6.433,759.183,"Thu"
"Door","Living",0.033,765.633,"Thu"
"Door","Living",0.033,766.917,"Thu"
"Door","Living",0.05,785.3,"Thu"
"Door","Living",0.083,797.683,"Thu"
"Seat","Living",97.7,798.233,"Thu"
"Door","Living",0.033,895.983,"Thu"
"Door","Kitchen",0.05,896.2,"Thu"
"Door","Kitchen",0.033,902.35,"Thu"
"Toilet","Bathroom",0.967,904.667,"Thu"
"Door","Kitchen",0.033,905.85,"Thu"
"Fridge","Kitchen",0.983,906.4,"Thu"
"Door","Kitchen",0.05,907.6,"Thu"
"Door","Living",0.067,907.767,"Thu"
"Door","Living",0.05,926.033,"Thu"
"Door","Kitchen",0.033,926.283,"Thu"
"Fridge","Kitchen",0.083,927.167,"Thu"
"Door","Kitchen",0.033,927.4,"Thu"
"Door","Living",0.067,927.567,"Thu"
"Door","Living",0.05,1002.817,"Thu"
"Door","Kitchen",0.4,1003.133,"Thu"
"Cupboard","Kitchen",0.167,1011.733,"Thu"
"Door","Kitchen",0.033,1013.233,"Thu"
"Door","Living",0.067,1013.567,"Thu"
"Seat","Living",78.833,1014.367,"Thu"
"Door","Living",0.033,1095.533,"Thu"
"Door","Kitchen",0.067,1095.75,"Thu"
"Fridge","Kitchen",0.217,1097.2,"Thu"
"Door","Kitchen",0.067,1099.517,"Thu"
"Door","Living",0.05,1099.867,"Thu"
"Seat","Living",120.017,1101.2,"Thu"
"Door","Living",0.033,1223.583,"Thu"
"Door","Kitchen",0.05,1227.2,"Thu"
"Door","Kitchen",0.1,1230.7,"Thu"
"Door","Living",0.067,1231.1,"Thu"
"Door","Living",0.033,1232.017,"Thu"
"Door","Kitchen",0.067,1232.25,"Thu"
"Door","Kitchen",0.033,1238.383,"Thu"
"Door","Living",0.05,1238.6,"Thu"
"Door","Living",0.05,1251.333,"Thu"
"Door","Bedroom",0.05,1251.683,"Thu"
"Door","Bedroom",0.033,1258.267,"Thu"
"Basin","Bathroom",0.917,1261.8,"Thu"
"Toilet","Bathroom",0.783,1265.383,"Thu"
"Door","Living",0.067,1267.833,"Thu"
"Door","Living",0.033,1270.417,"Thu"
"Door","Bedroom",0.05,1271.133,"Thu"
"Door","Bedroom",0.033,1271.65,"Thu"
"Door","Living",0.05,1272.417,"Thu"
"Door","Living",0.067,1274.983,"Thu"
"Maindoor","Entrance",0.033,1275.4,"Thu"
"Maindoor","Entrance",0.05,34.867,"Fri"
"Door","Bedroom",0.067,35.883,"Fri"
"Door","Bedroom",0.033,36,"Fri"
"Door","Living",0.067,36.25,"Fri"
"Door","Living",0.033,36.433,"Fri"
"Door","Kitchen",0.067,36.633,"Fri"
"Fridge","Kitchen",0.8,37.95,"Fri"
"Door","Kitchen",0.033,38.917,"Fri"
"Door","Bedroom",0.05,40.733,"Fri"
"Door","Bedroom",0.05,41.167,"Fri"
"Toilet","Bathroom",1.15,44.65,"Fri"
"Basin","Bathroom",0.633,45.983,"Fri"
"Door","Living",0.067,46.733,"Fri"
"Door","Living",0.083,47.083,"Fri"
"Door","Bedroom",0.067,47.2,"Fri"
"Door","Bedroom",0.05,48.417,"Fri"
"Door","Living",0.033,48.583,"Fri"
"Seat","Living",42.283,49,"Fri"
"Door","Living",0.05,92.783,"Fri"
"Basin","Bathroom",0.033,93.283,"Fri"
"Door","Bedroom",0.033,93.517,"Fri"
"Bed","Bedroom",458.833,95.417,"Fri"
"Door","Bedroom",0.067,580.317,"Fri"
"Toilet","Bathroom",1.033,584.85,"Fri"
"Door","Living",0.067,585.917,"Fri"
"Door","Living",0.033,588.05,"Fri"
"Door","Bedroom",0.067,588.133,"Fri"
"Door","Bedroom",0.033,589,"Fri"
"Door","Kitchen",0.017,589.417,"Fri"
"Fridge","Kitchen",0.033,593.933,"Fri"
"Door","Kitchen",0.05,599.367,"Fri"
"Door","Living",0.067,600.567,"Fri"
"Door","Living",0.067,617.133,"Fri"
"Door","Kitchen",0.033,617.317,"Fri"
"Door","Kitchen",0.033,617.783,"Fri"
"Door","Living",0.05,618,"Fri"
"Door","Living",0.05,628.9,"Fri"
"Basin","Bathroom",5.633,632.483,"Fri"
"Basin","Bathroom",4.333,643.517,"Fri"
"Door","Bedroom",0.05,648.05,"Fri"
"Door","Bedroom",0.067,648.15,"Fri"
"Basin","Bathroom",0.033,648.733,"Fri"
"Basin","Bathroom",0.033,651.983,"Fri"
"Door","Bedroom",0.05,652.533,"Fri"
"Door","Bedroom",0.033,653.667,"Fri"
"Maindoor","Entrance",0.083,656.483,"Fri"
"Maindoor","Entrance",0.083,755.783,"Fri"
"Door","Kitchen",0.033,756.133,"Fri"
"Door","Kitchen",0.033,756.217,"Fri"
"Door","Bedroom",0.05,757.6,"Fri"
"Door","Bedroom",0.05,765.433,"Fri"
"Door","Living",0.05,768.567,"Fri"
"Door","Living",0.05,773.1,"Fri"
"Door","Kitchen",0.033,773.4,"Fri"
"Fridge","Kitchen",0.067,776.55,"Fri"
"Door","Kitchen",0.033,776.8,"Fri"
"Door","Living",0.083,777,"Fri"
"Door","Living",0.083,777.333,"Fri"
"Door","Bedroom",0.05,777.5,"Fri"
"Door","Bedroom",0.133,783.683,"Fri"
"Basin","Bathroom",0.05,783.917,"Fri"
"Door","Bedroom",0.05,784.217,"Fri"
"Door","Bedroom",0.033,785.1,"Fri"
"Door","Living",0.067,785.267,"Fri"
"Seat","Living",51.033,786.25,"Fri"
"Door","Living",0.05,863.133,"Fri"
"Door","Kitchen",0.05,863.767,"Fri"
"Door","Kitchen",0.05,874.6,"Fri"
"Door","Living",0.05,874.8,"Fri"
"Door","Living",0.033,878.75,"Fri"
"Toilet","Bathroom",0.867,880.533,"Fri"
"Door","Living",0.083,880.767,"Fri"
"Door","Living",0.067,881.633,"Fri"
"Door","Kitchen",0.05,881.867,"Fri"
"Door","Kitchen",0.033,884.75,"Fri"
"Door","Living",0.033,884.95,"Fri"
"Door","Living",0.133,887.05,"Fri"
"Door","Kitchen",0.05,887.267,"Fri"
"Door","Kitchen",0.033,891.883,"Fri"
"Door","Living",0.05,892.033,"Fri"
"Seat","Living",115.2,893,"Fri"
"Door","Living",0.083,1009.333,"Fri"
"Door","Kitchen",0.05,1009.583,"Fri"
"Door","Kitchen",0.05,1010.033,"Fri"
"Toilet","Bathroom",1.133,1015.25,"Fri"
"Door","Living",0.083,1016.067,"Fri"
"Door","Living",0.05,1017.4,"Fri"
"Door","Kitchen",0.067,1017.65,"Fri"
"Door","Kitchen",0.033,1031.35,"Fri"
"Door","Living",0.1,1031.65,"Fri"
"Seat","Living",44.383,1032.167,"Fri"
"Door","Living",0.067,1077.15,"Fri"
"Door","Kitchen",0.033,1078,"Fri"
"Fridge","Kitchen",0.233,1078.267,"Fri"
"Door","Kitchen",0.067,1080.6,"Fri"
"Door","Living",0.05,1081,"Fri"
"Door","Living",0.033,1086,"Fri"
"Door","Kitchen",0.05,1086.417,"Fri"
"Door","Kitchen",0.033,1086.6,"Fri"
"Door","Living",0.067,1087.167,"Fri"
"Seat","Living",101.867,1087.317,"Fri"
"Door","Living",0.383,1190.017,"Fri"
"Maindoor","Entrance",0.067,1193.417,"Fri"
"Maindoor","Entrance",0.133,1323.717,"Fri"
"Toilet","Bathroom",1,1327.85,"Fri"
"Door","Kitchen",0.033,1329.267,"Fri"
"Door","Kitchen",0.083,1332.3,"Fri"
"Door","Bedroom",0.05,1334.867,"Fri"
"Door","Bedroom",0.033,1335.55,"Fri"
"Door","Kitchen",0.05,1335.8,"Fri"
"Door","Kitchen",0.05,1336.85,"Fri"
"Door","Living",127.283,1337.633,"Fri"
"Seat","Living",1.117,25.25,"Sat"
"Door","Living",0.033,27.05,"Sat"
"Basin","Bathroom",4.75,27.917,"Sat"
"Door","Bedroom",0.05,33.667,"Sat"
"Bed","Bedroom",564.217,36.1,"Sat"
"Door","Bedroom",0.033,602.283,"Sat"
"Door","Living",0.067,602.65,"Sat"
"Door","Living",0.033,604.317,"Sat"
"Door","Kitchen",0.05,604.7,"Sat"
"Fridge","Kitchen",0.317,605.617,"Sat"
"Fridge","Kitchen",0.2,610.033,"Sat"
"Door","Kitchen",0.117,611.9,"Sat"
"Door","Living",0.05,613,"Sat"
"Door","Living",0.05,613.333,"Sat"
"Toilet","Bathroom",1.35,617.983,"Sat"
"Door","Living",0.067,619.083,"Sat"
"Seat","Living",52.317,620.183,"Sat"
"Door","Living",0.033,673,"Sat"
"Door","Kitchen",0.167,676.267,"Sat"
"Fridge","Kitchen",0.1,678.417,"Sat"
"Door","Kitchen",0.217,679.3,"Sat"
"Door","Living",0.067,679.7,"Sat"
"Door","Living",0.05,682.283,"Sat"
"Door","Bedroom",0.05,682.4,"Sat"
"Door","Bedroom",0.033,689.35,"Sat"
"Shower","Bathroom",8.35,690.183,"Sat"
"Basin","Bathroom",5.467,699.9,"Sat"
"Basin","Bathroom",0.65,711.8,"Sat"
"Door","Bedroom",0.067,713.833,"Sat"
"Door","Bedroom",0.05,715.467,"Sat"
"Basin","Bathroom",0.25,719.917,"Sat"
"Toilet","Bathroom",1.067,721.25,"Sat"
"Door","Bedroom",0.05,726.75,"Sat"
"Door","Bedroom",0.033,728.083,"Sat"
"Door","Living",0.05,728.533,"Sat"
"Door","Living",0.033,728.817,"Sat"
"Door","Kitchen",0.067,729.017,"Sat"
"Door","Kitchen",0.083,743.783,"Sat"
"Door","Living",0.05,745.5,"Sat"
"Door","Living",0.133,750.383,"Sat"
"Door","Kitchen",0.067,750.617,"Sat"
"Door","Kitchen",0.05,750.867,"Sat"
"Door","Living",0.067,751.117,"Sat"
"Seat","Living",46.483,751.45,"Sat"
"Door","Living",0.05,798.367,"Sat"
"Door","Bedroom",0.1,799.1,"Sat"
"Door","Bedroom",0.05,799.35,"Sat"
"Door","Living",0.033,799.5,"Sat"
"Door","Living",0.183,807.3,"Sat"
"Door","Kitchen",0.05,807.917,"Sat"
"Door","Kitchen",0.083,810.6,"Sat"
"Door","Living",0.05,810.85,"Sat"
"Door","Living",0.033,817,"Sat"
"Door","Kitchen",0.033,820.45,"Sat"
"Door","Kitchen",0.217,829.45,"Sat"
"Door","Living",0.083,830.017,"Sat"
"Door","Living",0.067,832.383,"Sat"
"Door","Living",0.05,835.917,"Sat"
"Door","Living",0.05,872.1,"Sat"
"Door","Bedroom",0.05,872.183,"Sat"
"Door","Bedroom",0.05,872.517,"Sat"
"Basin","Bathroom",0.133,872.633,"Sat"
"Door","Living",0.05,875.617,"Sat"
"Door","Living",0.133,876.167,"Sat"
"Maindoor","Entrance",0.333,876.5,"Sat"
"Maindoor","Entrance",0.15,958.983,"Sat"
"Door","Living",0.033,959.267,"Sat"
"Door","Living",0.033,959.5,"Sat"
"Door","Bedroom",0.067,959.867,"Sat"
"Door","Bedroom",0.083,960.467,"Sat"
"Toilet","Bathroom",0.85,960.667,"Sat"
"Basin","Bathroom",0.033,960.733,"Sat"
"Door","Living",0.05,961.133,"Sat"
"Door","Living",0.033,961.417,"Sat"
"Toilet","Bathroom",1.05,962.333,"Sat"
"Basin","Bathroom",0.317,962.833,"Sat"
"Door","Living",0.05,963.417,"Sat"
"Seat","Living",231.933,964.333,"Sat"
"Door","Living",0.05,1198.367,"Sat"
"Door","Kitchen",0.05,1198.633,"Sat"
"Fridge","Kitchen",0.067,1198.7,"Sat"
"Door","Kitchen",0.033,1199.167,"Sat"
"Door","Living",0.05,1199.65,"Sat"
"Door","Living",0.05,1200.65,"Sat"
"Door","Kitchen",0.033,1200.85,"Sat"
"Door","Kitchen",0.033,1201.217,"Sat"
"Door","Living",0.05,1201.433,"Sat"
"Door","Living",0.033,1206.933,"Sat"
"Door","Kitchen",0.033,1207.117,"Sat"
"Door","Kitchen",0.033,1207.95,"Sat"
"Door","Living",0.083,1208.15,"Sat"
"Door","Living",0.05,1231.133,"Sat"
"Door","Kitchen",0.067,1231.333,"Sat"
"Door","Kitchen",0.017,1231.517,"Sat"
"Door","Living",0.05,1231.717,"Sat"
"Door","Living",0.133,1300.217,"Sat"
"Door","Bedroom",0.067,1300.583,"Sat"
"Door","Bedroom",0.05,1301.8,"Sat"
"Door","Living",0.083,1302.083,"Sat"
"Door","Living",0.033,1314.3,"Sat"
"Door","Bedroom",0.067,1318.05,"Sat"
"Door","Bedroom",0.067,1319,"Sat"
"Door","Living",0.05,1320.083,"Sat"
"Door","Living",0.05,1321.217,"Sat"
"Toilet","Bathroom",0.917,1321.783,"Sat"
"Door","Bedroom",0.05,1321.917,"Sat"
"Door","Bedroom",0.067,1322.167,"Sat"
"Door","Living",0.083,1322.45,"Sat"
"Door","Living",0.083,1337.017,"Sat"
"Door","Kitchen",0.067,1337.417,"Sat"
"Fridge","Kitchen",0.033,1337.85,"Sat"
"Fridge","Kitchen",0.033,1338.833,"Sat"
"Door","Kitchen",0.033,1339,"Sat"
"Door","Living",0.067,1339.233,"Sat"
"Door","Living",0.05,1401.033,"Sat"
"Door","Kitchen",0.067,1401.2,"Sat"
"Fridge","Kitchen",0.283,1401.6,"Sat"
"Door","Kitchen",0.117,1403.1,"Sat"
"Door","Living",0.05,1403.717,"Sat"
"Seat","Living",78.733,1404.267,"Sat"
"Door","Living",0.083,44.167,"Sun"
"Basin","Bathroom",3.117,44.583,"Sun"
"Door","Living",0.05,48.283,"Sun"
"Seat","Living",58.033,49.2,"Sun"
"Door","Living",0.183,108.067,"Sun"
"Door","Bedroom",0.067,110.3,"Sun"
"Bed","Bedroom",451.883,111.233,"Sun"
"Door","Bedroom",0.05,564.25,"Sun"
"Toilet","Bathroom",1.033,569.133,"Sun"
"Basin","Bathroom",1.167,569.317,"Sun"
"Door","Living",0.05,571.35,"Sun"
"Door","Living",0.033,573.283,"Sun"
"Door","Kitchen",0.033,573.85,"Sun"
"Door","Kitchen",0.117,578.75,"Sun"
"Toilet","Bathroom",1.383,583.5,"Sun"
"Basin","Bathroom",10.333,584.083,"Sun"
"Toilet","Bathroom",0.55,595.933,"Sun"
"Door","Bedroom",0.15,598.033,"Sun"
"Door","Bedroom",0.017,602.95,"Sun"
"Door","Kitchen",0.067,603.25,"Sun"
"Fridge","Kitchen",0.117,603.933,"Sun"
"Fridge","Kitchen",0.283,604.067,"Sun"
"Door","Kitchen",0.033,607.75,"Sun"
"Door","Bedroom",0.067,609.783,"Sun"
"Door","Bedroom",0.033,621.433,"Sun"
"Door","Living",0.05,622.033,"Sun"
"Seat","Living",17.2,623.983,"Sun"
"Door","Living",0.05,641.233,"Sun"
"Door","Bedroom",0.05,642.2,"Sun"
"Door","Bedroom",0.05,642.583,"Sun"
"Maindoor","Entrance",0.15,644.7,"Sun"
"Maindoor","Entrance",0.05,819.35,"Sun"
"Toilet","Bathroom",3.667,821.783,"Sun"
"Door","Bedroom",0.217,822.433,"Sun"
"Door","Bedroom",0.1,827.517,"Sun"
"Door","Living",0.067,827.883,"Sun"
"Door","Living",0.05,828.217,"Sun"
"Door","Kitchen",0.033,828.45,"Sun"
"Door","Kitchen",0.033,829.9,"Sun"
"Door","Living",0.05,830.117,"Sun"
"Seat","Living",36.883,840.983,"Sun"
"Door","Living",0.05,878.4,"Sun"
"Door","Kitchen",0.067,878.6,"Sun"
"Door","Kitchen",0.033,879.483,"Sun"
"Door","Living",0.05,880.1,"Sun"
"Door","Living",0.067,880.8,"Sun"
"Door","Kitchen",0.033,881.567,"Sun"
"Fridge","Kitchen",0.117,887.133,"Sun"
"Fridge","Kitchen",1.55,888.4,"Sun"
"Door","Kitchen",0.033,890.9,"Sun"
"Door","Living",0.067,891.1,"Sun"
"Door","Living",0.033,897.283,"Sun"
"Door","Kitchen",0.05,897.45,"Sun"
"Door","Kitchen",0.033,899.933,"Sun"
"Door","Living",0.067,900.183,"Sun"
"Door","Living",0.05,947.183,"Sun"
"Door","Kitchen",0.033,947.4,"Sun"
"Fridge","Kitchen",0.033,948.3,"Sun"
"Door","Kitchen",0.033,948.4,"Sun"
"Door","Living",0.05,949.667,"Sun"
"Door","Living",0.033,956.517,"Sun"
"Door","Bedroom",0.05,956.75,"Sun"
"Door","Bedroom",0.033,957.25,"Sun"
"Door","Living",0.083,957.867,"Sun"
"Door","Living",0.05,958.45,"Sun"
"Maindoor","Entrance",0.117,958.85,"Sun"
"Maindoor","Entrance",0.1,1209.983,"Sun"
"Door","Living",0.067,1210.467,"Sun"
"Door","Living",0.083,1211.517,"Sun"
"Toilet","Bathroom",1.167,1213.617,"Sun"
"Door","Living",0.05,1215.383,"Sun"
"Seat","Living",103.767,1216.517,"Sun"
"Door","Living",0.05,1321.017,"Sun"
"Door","Kitchen",0.067,1321.65,"Sun"
"Door","Kitchen",0.033,1329.5,"Sun"
"Door","Living",0.05,1329.7,"Sun"
"Door","Living",0.033,1330,"Sun"
"Door","Kitchen",0.067,1330.15,"Sun"
"Door","Kitchen",0.1,1333.5,"Sun"
"Door","Living",0.05,1333.683,"Sun"
"Door","Living",0.05,1333.8,"Sun"
"Door","Kitchen",0.033,1333.983,"Sun"
"Fridge","Kitchen",0.183,1334.117,"Sun"
"Door","Kitchen",0.033,1334.517,"Sun"
"Door","Living",0.05,1334.733,"Sun"
"Seat","Living",64.9,1335.017,"Sun"
"Door","Living",0.05,1400.083,"Sun"
"Door","Kitchen",0.067,1400.3,"Sun"
"Door","Kitchen",0.067,1401.833,"Sun"
"Door","Living",0.05,1402.033,"Sun"
"Door","Living",0.05,1402.367,"Sun"
"Door","Kitchen",0.033,1402.55,"Sun"
"Door","Kitchen",0.05,1405.35,"Sun"
"Door","Living",0.05,1405.567,"Sun"
"Seat","Living",54.9,1406.283,"Sun"
"Door","Living",0.05,22.133,"Mon"
"Door","Bedroom",0.033,22.233,"Mon"
"Door","Bedroom",0.033,26.717,"Mon"
"Door","Living",0.067,27.05,"Mon"
"Seat","Living",58.233,28.95,"Mon"
"Door","Living",0.05,88.567,"Mon"
"Door","Kitchen",0.1,88.8,"Mon"
"Door","Kitchen",0.033,89.567,"Mon"
"Toilet","Bathroom",0.917,91.6,"Mon"
"Door","Bedroom",0.05,91.933,"Mon"
"Bed","Bedroom",434,93.683,"Mon"
"Door","Bedroom",0.033,530.017,"Mon"
"Toilet","Bathroom",1.067,535,"Mon"
"Door","Bedroom",0.067,535.233,"Mon"
"Bed","Bedroom",43.683,536.717,"Mon"
"Door","Bedroom",0.067,583.617,"Mon"
"Toilet","Bathroom",1.217,590.433,"Mon"
"Door","Living",0.1,594.867,"Mon"
"Door","Living",0.05,597.2,"Mon"
"Door","Kitchen",0.05,597.483,"Mon"
"Fridge","Kitchen",0.067,598.467,"Mon"
"Fridge","Kitchen",0.033,599.8,"Mon"
"Door","Kitchen",0.033,604.95,"Mon"
"Door","Bedroom",0.033,608.917,"Mon"
"Door","Bedroom",0.067,628.717,"Mon"
"Door","Kitchen",0.05,634.267,"Mon"
"Door","Kitchen",0.033,635.35,"Mon"
"Door","Bedroom",0.05,637.033,"Mon"
"Door","Bedroom",0.033,637.433,"Mon"
"Shower","Bathroom",6.233,642.75,"Mon"
"Basin","Bathroom",9,652.817,"Mon"
"Door","Bedroom",0.067,666.7,"Mon"
"Door","Bedroom",0.05,668.583,"Mon"
"Basin","Bathroom",3.6,671.7,"Mon"
"Toilet","Bathroom",0.933,675.767,"Mon"
"Door","Bedroom",0.05,677.083,"Mon"
"Door","Bedroom",0.05,688.9,"Mon"
"Maindoor","Entrance",0.05,694.033,"Mon"
"Maindoor","Entrance",0.1,719.5,"Mon"
"Door","Kitchen",0.033,719.783,"Mon"
"Fridge","Kitchen",0.1,721.783,"Mon"
"Door","Kitchen",0.033,722.117,"Mon"
"Door","Living",0.05,722.333,"Mon"
"Door","Living",0.05,722.567,"Mon"
"Door","Kitchen",0.05,723.45,"Mon"
"Door","Kitchen",0.033,724.017,"Mon"
"Door","Living",0.05,724.217,"Mon"
"Seat","Living",22.383,725.05,"Mon"
"Door","Living",0.05,747.583,"Mon"
"Door","Kitchen",0.067,747.783,"Mon"
"Door","Kitchen",0.033,749.35,"Mon"
"Door","Living",0.05,752.217,"Mon"
"Seat","Living",17.933,752.45,"Mon"
"Door","Living",0.033,771.717,"Mon"
"Maindoor","Entrance",0.067,772.033,"Mon"
"Maindoor","Entrance",0.1,1134.85,"Mon"
"Toilet","Bathroom",1.067,1140.417,"Mon"
"Door","Living",0.05,1142.483,"Mon"
"Door","Living",0.05,1148.8,"Mon"
"Door","Kitchen",0.067,1149.033,"Mon"
"Door","Kitchen",0.033,1149.433,"Mon"
"Door","Living",0.05,1149.733,"Mon"
"Seat","Living",113.467,1148.617,"Mon"
"Door","Living",0.05,1263.767,"Mon"
"Door","Kitchen",0.083,1267.35,"Mon"
"Door","Kitchen",0.033,1268.883,"Mon"
"Door","Living",0.05,1270.083,"Mon"
"Door","Living",0.033,1270.317,"Mon"
"Door","Kitchen",0.067,1272.317,"Mon"
"Door","Kitchen",0.017,1272.733,"Mon"
"Door","Bedroom",0.1,1273.533,"Mon"
"Door","Bedroom",0.033,1273.9,"Mon"
"Door","Living",0.05,1274.7,"Mon"
"Door","Living",0.05,1277.65,"Mon"
"Maindoor","Entrance",0.217,1277.833,"Mon"
"Maindoor","Entrance",0.05,87.267,"Tue"
"Door","Kitchen",0.033,88.083,"Tue"
"Door","Kitchen",0.033,89.283,"Tue"
"Door","Living",0.05,90.433,"Tue"
"Door","Living",0.067,91.8,"Tue"
"Door","Bedroom",0.033,91.9,"Tue"
"Door","Bedroom",0.05,93.483,"Tue"
"Basin","Bathroom",1,97.05,"Tue"
"Toilet","Bathroom",1.083,101.933,"Tue"
"Basin","Bathroom",1.017,102.183,"Tue"
"Door","Bedroom",0.083,103.517,"Tue"
"Bed","Bedroom",508.017,104.233,"Tue"
"Door","Bedroom",0.05,612.7,"Tue"
"Toilet","Bathroom",1.317,618.217,"Tue"
"Door","Living",0.05,619.6,"Tue"
"Door","Living",0.05,620.433,"Tue"
"Door","Kitchen",0.033,620.717,"Tue"
"Fridge","Kitchen",0.067,622.383,"Tue"
"Fridge","Kitchen",0.017,622.9,"Tue"
"Door","Kitchen",0.033,630.583,"Tue"
"Door","Living",0.067,631.183,"Tue"
"Door","Living",0.05,634.65,"Tue"
"Door","Bedroom",0.05,634.75,"Tue"
"Door","Bedroom",0.05,636.483,"Tue"
"Door","Kitchen",0.067,641.767,"Tue"
"Door","Kitchen",0.033,643.267,"Tue"
"Door","Bedroom",0.033,644.683,"Tue"
"Door","Bedroom",0.067,646.033,"Tue"
"Door","Living",0.033,646.25,"Tue"
"Seat","Living",56.817,647.133,"Tue"
"Door","Living",0.067,704.117,"Tue"
"Door","Kitchen",0.05,704.383,"Tue"
"Door","Kitchen",0.033,705.433,"Tue"
"Door","Living",0.05,705.75,"Tue"
"Door","Living",0.033,709.383,"Tue"
"Basin","Bathroom",0.05,713.283,"Tue"
"Door","Kitchen",0.05,713.917,"Tue"
"Fridge","Kitchen",0.117,714.25,"Tue"
"Door","Kitchen",0.05,714.433,"Tue"
"Door","Bedroom",0.067,714.917,"Tue"
"Door","Bedroom",0.067,718.767,"Tue"
"Door","Living",0.067,718.883,"Tue"
"Seat","Living",22.9,719.117,"Tue"
"Door","Living",0.067,743.267,"Tue"
"Door","Kitchen",0.05,743.5,"Tue"
"Door","Kitchen",0.033,744.7,"Tue"
"Toilet","Bathroom",1.533,745.117,"Tue"
"Door","Living",0.033,746.067,"Tue"
"Seat","Living",53.667,747.617,"Tue"
"Door","Living",0.067,802.117,"Tue"
"Door","Kitchen",0.05,802.367,"Tue"
"Door","Kitchen",0.033,803.433,"Tue"
"Door","Living",0.017,803.967,"Tue"
"Door","Living",0.05,804.15,"Tue"
"Door","Bedroom",0.033,806.517,"Tue"
"Door","Bedroom",0.033,806.717,"Tue"
"Door","Living",0.033,806.833,"Tue"
"Door","Living",0.033,807.283,"Tue"
"Basin","Bathroom",8.367,812.367,"Tue"
"Shower","Bathroom",12,821.867,"Tue"
"Basin","Bathroom",0.5,834.467,"Tue"
"Door","Living",0.033,837.233,"Tue"
"Door","Living",0.033,843.35,"Tue"
"Door","Bedroom",0.033,843.533,"Tue"
"Door","Bedroom",0.067,843.917,"Tue"
"Door","Living",0.05,850.9,"Tue"
"Seat","Living",22.017,851.267,"Tue"
"Door","Living",0.05,874.3,"Tue"
"Door","Bedroom",0.05,875.417,"Tue"
"Door","Bedroom",0.033,876,"Tue"
"Door","Living",0.05,877.083,"Tue"
"Door","Living",0.033,877.167,"Tue"
"Maindoor","Entrance",0.067,878.05,"Tue"
"Maindoor","Entrance",0.083,974.75,"Tue"
"Door","Kitchen",0.05,978.8,"Tue"
"Door","Kitchen",0.033,980.883,"Tue"
"Door","Living",0.05,982.083,"Tue"
"Seat","Living",145.967,983.3,"Tue"
"Door","Living",0.033,1130.95,"Tue"
"Door","Bedroom",0.067,1131.2,"Tue"
"Door","Bedroom",0.033,1133.55,"Tue"
"Door","Kitchen",0.05,1134.4,"Tue"
"Door","Kitchen",0.033,1135.217,"Tue"
"Door","Living",0.05,1135.467,"Tue"
"Door","Living",0.05,1150.367,"Tue"
"Door","Kitchen",0.083,1150.583,"Tue"
"Door","Kitchen",0.033,1151.367,"Tue"
"Door","Living",0.05,1151.617,"Tue"
"Door","Living",0.05,1176.117,"Tue"
"Door","Living",0.05,1177.233,"Tue"
"Door","Living",0.033,1184.817,"Tue"
"Door","Kitchen",0.05,1186.25,"Tue"
"Fridge","Kitchen",0.267,1186.4,"Tue"
"Door","Kitchen",0.05,1186.883,"Tue"
"Door","Living",0.033,1187.117,"Tue"
"Seat","Living",10.267,1188.133,"Tue"
"Door","Living",0.05,1259.833,"Tue"
"Door","Kitchen",0.067,1260.133,"Tue"
"Door","Kitchen",0.05,1260.467,"Tue"
"Door","Living",0.05,1260.75,"Tue"
"Door","Living",0.05,1261.3,"Tue"
"Basin","Bathroom",0.917,1261.467,"Tue"
"Toilet","Bathroom",0.9,1264.45,"Tue"
"Basin","Bathroom",0.383,1266.467,"Tue"
"Door","Living",0.05,1269.917,"Tue"
"Door","Living",0.033,1271.883,"Tue"
"Maindoor","Entrance",0.183,1272.033,"Tue"
"Maindoor","Entrance",0.05,97.25,"Wed"
"Door","Living",0.05,97.883,"Wed"
"Door","Living",0.05,99.317,"Wed"
"Door","Bedroom",0.033,100.4,"Wed"
"Door","Bedroom",0.033,101.617,"Wed"
"Basin","Bathroom",0.583,101.783,"Wed"
"Door","Bedroom",0.117,103.833,"Wed"
"Door","Bedroom",0.05,104.4,"Wed"
"Toilet","Bathroom",0.917,109.517,"Wed"
"Door","Living",0.05,109.683,"Wed"
"Door","Living",0.033,110.033,"Wed"
"Door","Bedroom",0.1,110.483,"Wed"
"Bed","Bedroom",440.733,111.883,"Wed"
"Door","Bedroom",0.067,556.033,"Wed"
"Toilet","Bathroom",1.383,563.967,"Wed"
"Door","Bedroom",0.05,565.433,"Wed"
"Door","Bedroom",0.067,566.383,"Wed"
"Door","Living",0.05,566.55,"Wed"
"Door","Living",0.05,567.25,"Wed"
"Door","Kitchen",0.067,567.567,"Wed"
"Fridge","Kitchen",0.033,569.15,"Wed"
"Fridge","Kitchen",0.033,569.633,"Wed"
"Door","Kitchen",0.017,583.5,"Wed"
"Door","Living",0.05,583.75,"Wed"
"Door","Living",0.05,584.617,"Wed"
"Door","Kitchen",0.05,584.817,"Wed"
"Fridge","Kitchen",0.067,585.667,"Wed"
"Door","Kitchen",0.033,586.017,"Wed"
"Basin","Bathroom",0.05,586.7,"Wed"
"Door","Bedroom",0.05,589.033,"Wed"
"Door","Bedroom",0.05,589.433,"Wed"
"Basin","Bathroom",5.883,590.25,"Wed"
"Toilet","Bathroom",1.283,600.5,"Wed"
"Basin","Bathroom",1.233,604.4,"Wed"
"Door","Bedroom",0.067,613.6,"Wed"
"Door","Bedroom",0.067,620.083,"Wed"
"Door","Kitchen",0.033,625.25,"Wed"
"Door","Kitchen",0.033,628.483,"Wed"
"Door","Living",0.033,633.367,"Wed"
"Seat","Living",10.033,634.917,"Wed"
"Door","Living",0.05,645.767,"Wed"
"Door","Bedroom",0.083,646.033,"Wed"
"Door","Bedroom",0.033,646.367,"Wed"
"Door","Kitchen",0.067,649.367,"Wed"
"Door","Kitchen",0.067,649.817,"Wed"
"Door","Living",0.067,650.2,"Wed"
"Seat","Living",12.683,650.433,"Wed"
"Door","Living",0.05,663.183,"Wed"
"Maindoor","Entrance",0.05,664.267,"Wed"
"Maindoor","Entrance",0.05,747.7,"Wed"
"Door","Kitchen",0.033,748.033,"Wed"
"Fridge","Kitchen",0.05,748.1,"Wed"
"Door","Kitchen",0.017,748.75,"Wed"
"Door","Kitchen",0.033,750.15,"Wed"
"Door","Kitchen",0.067,750.7,"Wed"
"Door","Kitchen",0.033,758.117,"Wed"
"Door","Kitchen",0.517,763.583,"Wed"
"Door","Living",0.05,764.433,"Wed"
"Door","Living",0.067,777.433,"Wed"
"Door","Kitchen",0.083,777.617,"Wed"
"Door","Kitchen",0.033,778.15,"Wed"
"Door","Living",0.05,778.367,"Wed"
"Seat","Living",10.45,783.4,"Wed"
"Door","Living",0.1,794.267,"Wed"
"Door","Kitchen",0.033,796.55,"Wed"
"Fridge","Kitchen",0.117,797.8,"Wed"
"Door","Kitchen",0.117,798.083,"Wed"
"Door","Living",0.05,798.35,"Wed"
"Door","Living",0.05,818.7,"Wed"
"Door","Living",0.05,834.117,"Wed"
"Seat","Living",27.783,835.017,"Wed"
"Door","Living",0.05,863.133,"Wed"
"Toilet","Bathroom",1.033,864.067,"Wed"
"Basin","Bathroom",0.183,864.283,"Wed"
"Door","Living",0.033,864.85,"Wed"
"Door","Living",0.067,865.567,"Wed"
"Toilet","Bathroom",1.333,865.767,"Wed"
"Basin","Bathroom",0.6,865.867,"Wed"
"Maindoor","Entrance",0.083,868.05,"Wed"
"Maindoor","Entrance",0.05,965.217,"Wed"
"Door","Living",0.05,965.483,"Wed"
"Seat","Living",90.933,966.367,"Wed"
"Door","Living",0.05,1058.217,"Wed"
"Toilet","Bathroom",5.183,1060.4,"Wed"
"Door","Living",0.05,1075.033,"Wed"
"Seat","Living",92.733,1076.017,"Wed"
"Door","Living",0.067,1169.017,"Wed"
"Door","Kitchen",0.067,1170.133,"Wed"
"Fridge","Kitchen",0.067,1174.733,"Wed"
"Door","Kitchen",0.067,1175.55,"Wed"
"Door","Bedroom",0.067,1176.883,"Wed"
"Door","Bedroom",0.033,1177.383,"Wed"
"Door","Living",0.05,1179.083,"Wed"
"Door","Living",0.05,1185.033,"Wed"
"Door","Bedroom",0.067,1185.2,"Wed"
"Door","Bedroom",0.033,1185.3,"Wed"
"Maindoor","Entrance",0.067,1188.317,"Wed"
"Maindoor","Entrance",0.117,1334.45,"Wed"
"Door","Kitchen",0.05,1335.033,"Wed"
"Fridge","Kitchen",0.117,1335.383,"Wed"
"Fridge","Kitchen",0.033,1337.233,"Wed"
"Door","Kitchen",0.067,1337.483,"Wed"
"Door","Living",0.05,1337.75,"Wed"
"Door","Living",0.083,1338.067,"Wed"
"Door","Bedroom",0.05,1338.283,"Wed"
"Door","Bedroom",0.067,1338.65,"Wed"
"Door","Living",0.033,1339,"Wed"
"Seat","Living",77.617,1340,"Wed"
"Door","Living",0.067,1418.25,"Wed"
"Door","Kitchen",0.033,1418.567,"Wed"
"Door","Kitchen",0.033,1418.767,"Wed"
"Door","Living",0.05,1419,"Wed"
"Door","Living",0.067,1420.867,"Wed"
"Door","Kitchen",0.033,1421.083,"Wed"
"Door","Kitchen",0.033,1421.433,"Wed"
"Door","Living",0.05,1421.783,"Wed"
"Door","Living",0.05,1422.883,"Wed"
"Door","Bedroom",0.05,1424.1,"Wed"
"Door","Bedroom",0.05,1428.617,"Wed"
"Toilet","Bathroom",1.533,1434.917,"Wed"
"Door","Living",0.033,1435.2,"Wed"
"Door","Living",0.083,1435.533,"Wed"
"Basin","Bathroom",0.6,1435.667,"Wed"
"Door","Bedroom",0.067,1436.65,"Wed"
"Door","Bedroom",0.05,1437.35,"Wed"
"Door","Living",0.05,1437.467,"Wed"
"Door","Living",0.05,1438.267,"Wed"
"Basin","Bathroom",1.583,1438.467,"Wed"
"Door","Bedroom",0.083,0.55,"Thu"
"Bed","Bedroom",57.15,1.217,"Thu"
"Door","Bedroom",0.067,58.683,"Thu"
"Basin","Bathroom",0.3,58.767,"Thu"
"Door","Bedroom",0.067,59.817,"Thu"
"Bed","Bedroom",514.167,60.117,"Thu"
"Door","Bedroom",0.033,575.433,"Thu"
"Door","Living",0.05,576.5,"Thu"
"Door","Living",0.05,578.05,"Thu"
"Door","Kitchen",0.033,578.75,"Thu"
"Fridge","Kitchen",0.033,581.133,"Thu"
"Fridge","Kitchen",0.033,581.55,"Thu"
"Fridge","Kitchen",0.067,582.983,"Thu"
"Door","Kitchen",0.117,585.367,"Thu"
"Door","Bedroom",0.067,585.733,"Thu"
"Door","Bedroom",0.067,589.233,"Thu"
"Toilet","Bathroom",6.35,590.533,"Thu"
"Door","Kitchen",0.033,592.95,"Thu"
"Door","Kitchen",0.05,594.167,"Thu"
"Door","Living",0.05,595.467,"Thu"
"Door","Living",0.05,595.85,"Thu"
"Door","Bedroom",0.067,602.117,"Thu"
"Door","Bedroom",0.067,602.417,"Thu"
"Basin","Bathroom",0.4,604.167,"Thu"
"Door","Living",0.05,604.767,"Thu"
"Door","Living",0.05,605.467,"Thu"
"Basin","Bathroom",0.7,605.9,"Thu"
"Door","Bedroom",0.05,607.7,"Thu"
"Door","Bedroom",0.05,614.8,"Thu"
"Basin","Bathroom",5.517,615.2,"Thu"
"Door","Living",0.067,623.75,"Thu"
"Door","Living",0.033,629.6,"Thu"
"Basin","Bathroom",1.067,630.217,"Thu"
"Toilet","Bathroom",1.283,634.817,"Thu"
"Door","Bedroom",0.067,638.05,"Thu"
"Door","Bedroom",0.033,642.217,"Thu"
"Maindoor","Entrance",0.067,645.767,"Thu"
"Maindoor","Entrance",0.083,819.9,"Thu"
"Door","Living",0.033,820.333,"Thu"
"Door","Living",0.05,820.517,"Thu"
"Door","Bedroom",0.067,821.133,"Thu"
"Door","Bedroom",0.05,826.15,"Thu"
"Door","Kitchen",0.033,828.467,"Thu"
"Door","Kitchen",0.033,832.667,"Thu"
"Door","Living",0.05,833.283,"Thu"
"Door","Living",0.05,833.85,"Thu"
"Door","Kitchen",0.05,834.183,"Thu"
"Fridge","Kitchen",0.167,852.417,"Thu"
"Door","Kitchen",0.033,859.85,"Thu"
"Door","Living",0.05,860.1,"Thu"
"Door","Living",0.05,863.167,"Thu"
"Door","Bedroom",0.117,864.017,"Thu"
"Door","Bedroom",0.05,866.9,"Thu"
"Door","Living",0.1,867.117,"Thu"
"Door","Living",0.05,905.417,"Thu"
"Door","Kitchen",0.033,905.617,"Thu"
"Door","Kitchen",0.033,907.9,"Thu"
"Door","Living",0.067,908.1,"Thu"
"Seat","Living",22.55,909.033,"Thu"
"Door","Living",0.217,932.083,"Thu"
"Door","Kitchen",0.05,932.367,"Thu"
"Door","Kitchen",0.083,940.433,"Thu"
"Door","Living",0.067,940.583,"Thu"
"Door","Living",0.067,941.167,"Thu"
"Door","Kitchen",0.05,941.383,"Thu"
"Door","Kitchen",0.033,943.75,"Thu"
"Door","Living",0.033,944.033,"Thu"
"Door","Living",0.067,950.417,"Thu"
"Door","Kitchen",0.033,950.633,"Thu"
"Door","Kitchen",0.3,950.683,"Thu"
"Door","Living",0.067,951.2,"Thu"
"Door","Living",0.05,970.767,"Thu"
"Toilet","Bathroom",5.567,972.483,"Thu"
"Basin","Bathroom",0.2,972.6,"Thu"
"Door","Living",0.033,973,"Thu"
"Door","Living",0.05,973.467,"Thu"
"Door","Kitchen",0.033,973.7,"Thu"
"Door","Kitchen",0.033,977.867,"Thu"
"Door","Living",0.05,978.267,"Thu"
"Seat","Living",115.683,979.017,"Thu"
"Door","Living",0.05,1095.867,"Thu"
"Door","Kitchen",0.05,1096.133,"Thu"
"Fridge","Kitchen",0.367,1098.55,"Thu"
"Door","Kitchen",0.133,1099.85,"Thu"
"Door","Living",0.1,1100.067,"Thu"
"Door","Living",0.067,1101.45,"Thu"
"Door","Kitchen",0.033,1101.733,"Thu"
"Door","Kitchen",0.033,1113.183,"Thu"
"Door","Living",0.067,1113.583,"Thu"
"Door","Living",0.033,1122.283,"Thu"
"Door","Living",0.05,1124.85,"Thu"
"Seat","Living",50.383,1125.567,"Thu"
"Door","Living",0.033,1176.033,"Thu"
"Door","Living",0.05,1176.183,"Thu"
"Seat","Living",80.117,1177.317,"Thu"
"Door","Living",0.067,1258.067,"Thu"
"Toilet","Bathroom",1.167,1260.217,"Thu"
"Basin","Bathroom",0.05,1261.1,"Thu"
"Door","Bedroom",0.083,1261.45,"Thu"
"Door","Bedroom",0.067,1261.617,"Thu"
"Door","Living",0.05,1261.8,"Thu"
"Seat","Living",28.833,1262.717,"Thu"
"Door","Living",0.05,1292.817,"Thu"
"Door","Kitchen",0.067,1293.067,"Thu"
"Door","Kitchen",0.05,1301.617,"Thu"
"Door","Living",0.05,1302.117,"Thu"
"Door","Living",0.05,1302.433,"Thu"
"Door","Kitchen",0.017,1302.65,"Thu"
"Door","Kitchen",0.033,1303,"Thu"
"Door","Living",0.05,1303.283,"Thu"
"Door","Living",0.05,1319.75,"Thu"
"Door","Kitchen",0.05,1320,"Thu"
"Door","Kitchen",0.033,1327.783,"Thu"
"Door","Living",0.05,1328,"Thu"
"Door","Living",0.05,1328.933,"Thu"
"Door","Kitchen",0.15,1329.15,"Thu"
"Door","Kitchen",0.05,1329.583,"Thu"
"Door","Living",0.083,1329.85,"Thu"
"Door","Living",0.05,1345.667,"Thu"
"Door","Kitchen",0.05,1346,"Thu"
"Fridge","Kitchen",0.083,1346.15,"Thu"
"Door","Kitchen",0.05,1346.367,"Thu"
"Door","Living",0.05,1346.667,"Thu"
"Door","Living",0.05,1415.717,"Thu"
"Door","Bedroom",0.05,1415.833,"Thu"
"Door","Bedroom",0.05,1417.417,"Thu"
"Door","Living",0.05,1417.617,"Thu"
"Door","Living",0.033,1417.883,"Thu"
"Door","Kitchen",0.05,1418.25,"Thu"
"Door","Kitchen",0.083,1419.517,"Thu"
"Door","Living",0.067,1420.317,"Thu"
"Door","Living",0.033,14.35,"Fri"
"Door","Bedroom",0.033,14.5,"Fri"
"Door","Bedroom",0.033,18.133,"Fri"
"Door","Living",0.05,18.783,"Fri"
"Door","Living",0.05,32.167,"Fri"
"Door","Living",0.05,32.767,"Fri"
"Door","Living",0.05,99.017,"Fri"
"Toilet","Bathroom",0.867,100.317,"Fri"
"Door","Bedroom",0.083,100.517,"Fri"
"Bed","Bedroom",359.017,100.883,"Fri"
"Door","Bedroom",0.05,460.717,"Fri"
"Door","Bedroom",0.083,463.017,"Fri"
"Bed","Bedroom",95.033,464.383,"Fri"
"Door","Bedroom",0.05,620.7,"Fri"
"Toilet","Bathroom",5.85,625.767,"Fri"
"Door","Living",0.067,626.867,"Fri"
"Door","Living",0.033,627.1,"Fri"
"Basin","Bathroom",1.55,627.233,"Fri"
"Door","Living",0.05,629.083,"Fri"
"Door","Living",0.05,632.25,"Fri"
"Door","Kitchen",0.033,632.633,"Fri"
"Door","Kitchen",0.033,634.933,"Fri"
"Door","Bedroom",0.033,640.433,"Fri"
"Door","Bedroom",0.033,642.017,"Fri"
"Door","Living",0.05,642.217,"Fri"
"Door","Living",0.05,651.317,"Fri"
"Door","Kitchen",0.017,651.6,"Fri"
"Fridge","Kitchen",0.05,652.867,"Fri"
"Fridge","Kitchen",0.033,653.417,"Fri"
"Fridge","Kitchen",0.167,653.5,"Fri"
"Fridge","Kitchen",0.167,673.917,"Fri"
"Cupboard","Kitchen",0.133,691.25,"Fri"
"Door","Kitchen",0.033,695.667,"Fri"
"Door","Living",0.05,695.867,"Fri"
"Door","Living",0.05,696.183,"Fri"
"Door","Bedroom",0.067,696.3,"Fri"
"Door","Bedroom",0.033,701.217,"Fri"
"Door","Kitchen",0.033,701.483,"Fri"
"Fridge","Kitchen",0.117,702.633,"Fri"
"Door","Kitchen",0.033,711.267,"Fri"
"Door","Living",0.05,711.483,"Fri"
"Door","Living",0.033,711.633,"Fri"
"Basin","Bathroom",4.183,712.45,"Fri"
"Shower","Bathroom",3.467,717.283,"Fri"
"Basin","Bathroom",0.683,722.917,"Fri"
"Door","Living",0.05,724.033,"Fri"
"Seat","Living",21.167,724.933,"Fri"
"Door","Living",0.05,746.5,"Fri"
"Basin","Bathroom",4.233,746.633,"Fri"
"Door","Bedroom",0.05,762.917,"Fri"
"Door","Bedroom",0.033,763.15,"Fri"
"Door","Living",0.05,770.283,"Fri"
"Door","Living",0.033,770.4,"Fri"
"Door","Kitchen",0.017,770.783,"Fri"
"Door","Kitchen",0.033,773.283,"Fri"
"Door","Living",0.05,773.5,"Fri"
"Door","Living",0.05,773.933,"Fri"
"Toilet","Bathroom",0.933,774.1,"Fri"
"Basin","Bathroom",0.667,774.233,"Fri"
"Door","Living",0.05,775.267,"Fri"
"Seat","Living",97.7,776.45,"Fri"
"Door","Living",0.05,875.65,"Fri"
"Door","Kitchen",0.083,875.883,"Fri"
"Door","Kitchen",0.05,886.117,"Fri"
"Door","Living",0.05,886.55,"Fri"
"Door","Living",0.05,908.6,"Fri"
"Door","Kitchen",0.033,908.8,"Fri"
"Door","Kitchen",0.05,917.1,"Fri"
"Door","Living",0.067,917.317,"Fri"
"Door","Living",0.083,917.567,"Fri"
"Door","Kitchen",0.05,917.767,"Fri"
"Fridge","Kitchen",0.083,917.867,"Fri"
"Fridge","Kitchen",0.067,918.583,"Fri"
"Door","Kitchen",0.033,919.35,"Fri"
"Door","Living",0.067,919.583,"Fri"
"Door","Living",0.1,919.833,"Fri"
"Door","Kitchen",0.033,919.967,"Fri"
"Door","Kitchen",0.033,920.15,"Fri"
"Door","Living",0.05,920.35,"Fri"
"Seat","Living",127.7,921.45,"Fri"
"Door","Living",0.067,1050.667,"Fri"
"Door","Kitchen",0.033,1050.933,"Fri"
"Fridge","Kitchen",0.217,1062.5,"Fri"
"Door","Kitchen",0.033,1062.95,"Fri"
"Toilet","Bathroom",1.867,1066.1,"Fri"
"Door","Kitchen",0.033,1068.167,"Fri"
"Door","Kitchen",0.067,1071.533,"Fri"
"Door","Living",0.05,1071.85,"Fri"
"Seat","Living",151.683,1072.283,"Fri"
"Door","Living",0.05,1224.933,"Fri"
"Door","Kitchen",0.017,1225.217,"Fri"
"Door","Kitchen",0.033,1225.75,"Fri"
"Door","Living",0.05,1226.017,"Fri"
"Seat","Living",104.5,1227.45,"Fri"
"Door","Living",0.05,1332.083,"Fri"
"Door","Kitchen",0.067,1332.333,"Fri"
"Fridge","Kitchen",0.2,1332.65,"Fri"
"Door","Kitchen",0.05,1340.65,"Fri"
"Door","Living",0.05,1340.85,"Fri"
"Door","Living",0.067,1341.4,"Fri"
"Door","Kitchen",0.033,1341.617,"Fri"
"Door","Kitchen",0.05,1343.267,"Fri"
"Door","Living",0.05,1343.533,"Fri"
"Door","Living",0.067,1354.683,"Fri"
"Door","Kitchen",0.067,1354.933,"Fri"
"Door","Kitchen",0.033,1356.1,"Fri"
"Door","Living",0.05,1356.683,"Fri"
"Door","Living",0.067,1358.5,"Fri"
"Door","Kitchen",0.033,1358.717,"Fri"
"Door","Kitchen",0.033,1359.767,"Fri"
"Door","Living",0.05,1360,"Fri"
"Seat","Living",683.217,761.75,"Fri"
"Door","Living",0.067,5.767,"Sat"
"Door","Kitchen",0.067,6.017,"Sat"
"Door","Kitchen",0.05,8.317,"Sat"
"Door","Bedroom",0.067,8.633,"Sat"
"Door","Bedroom",0.033,10.167,"Sat"
"Basin","Bathroom",1.1,10.333,"Sat"
"Door","Bedroom",0.05,12.333,"Sat"
"Door","Bedroom",0.05,13.85,"Sat"
"Toilet","Bathroom",0.95,15.233,"Sat"
"Basin","Bathroom",0.05,16.3,"Sat"
"Door","Living",0.05,16.983,"Sat"
"Door","Living",0.033,17.567,"Sat"
"Door","Bedroom",0.033,18,"Sat"
"Bed","Bedroom",561.7,18.817,"Sat"
"Door","Bedroom",0.05,580.667,"Sat"
"Toilet","Bathroom",0.967,586.65,"Sat"
"Door","Bedroom",0.033,587.217,"Sat"
"Door","Bedroom",0.05,587.433,"Sat"
"Door","Living",0.05,588.9,"Sat"
"Door","Living",0.05,590.217,"Sat"
"Door","Kitchen",0.033,590.467,"Sat"
"Door","Kitchen",0.067,609.767,"Sat"
"Door","Living",0.05,610.1,"Sat"
"Door","Living",0.05,611.817,"Sat"
"Door","Bedroom",0.05,618.183,"Sat"
"Door","Bedroom",0.033,623.317,"Sat"
"Door","Living",0.05,623.433,"Sat"
"Door","Living",0.05,627.35,"Sat"
"Door","Bedroom",0.05,627.467,"Sat"
"Door","Bedroom",0.033,628.467,"Sat"
"Door","Living",0.05,628.55,"Sat"
"Door","Living",0.05,631.133,"Sat"
"Door","Bedroom",0.067,631.217,"Sat"
"Door","Bedroom",0.05,632.033,"Sat"
"Door","Living",0.067,632.65,"Sat"
"Door","Living",0.033,632.85,"Sat"
"Door","Bedroom",0.067,633.217,"Sat"
"Door","Bedroom",0.033,633.717,"Sat"
"Basin","Bathroom",2.433,634.5,"Sat"
"Shower","Bathroom",6.517,637.2,"Sat"
"Basin","Bathroom",2.567,645.483,"Sat"
"Door","Bedroom",0.067,652.85,"Sat"
"Door","Bedroom",0.033,652.95,"Sat"
"Door","Living",0.05,653.017,"Sat"
"Door","Living",0.05,653.2,"Sat"
"Basin","Bathroom",0.067,654.1,"Sat"
"Door","Living",0.05,654.6,"Sat"
"Door","Living",0.333,675.067,"Sat"
"Door","Bedroom",0.067,675.783,"Sat"
"Door","Bedroom",0.05,680.1,"Sat"
"Door","Living",0.033,681,"Sat"
"Door","Living",0.05,681.233,"Sat"
"Door","Kitchen",0.033,681.433,"Sat"
"Door","Kitchen",0.033,684.417,"Sat"
"Door","Living",0.05,684.617,"Sat"
"Door","Living",0.033,689.4,"Sat"
"Door","Kitchen",0.033,689.583,"Sat"
"Fridge","Kitchen",0.317,695.617,"Sat"
"Door","Kitchen",0.033,696,"Sat"
"Door","Kitchen",0.033,715.283,"Sat"
"Door","Kitchen",0.067,721.183,"Sat"
"Door","Living",0.05,734.717,"Sat"
"Door","Living",0.033,735.017,"Sat"
"Door","Kitchen",0.033,735.217,"Sat"
"Door","Kitchen",0.05,735.7,"Sat"
"Maindoor","Entrance",0.1,736.083,"Sat"
"Maindoor","Entrance",0.1,769.45,"Sat"
"Door","Bedroom",0.033,770.5,"Sat"
"Door","Bedroom",0.033,771.567,"Sat"
"Toilet","Bathroom",1.067,772.183,"Sat"
"Door","Living",0.083,772.467,"Sat"
"Door","Living",0.033,773.817,"Sat"
"Door","Kitchen",0.033,780.217,"Sat"
"Door","Kitchen",0.033,800.283,"Sat"
"Door","Kitchen",0.05,817.5,"Sat"
"Fridge","Kitchen",1.9,699.283,"Sat"
"Door","Kitchen",0.033,850.783,"Sat"
"Door","Living",0.05,851.017,"Sat"
"Door","Living",0.067,871.75,"Sat"
"Door","Kitchen",0.033,872.15,"Sat"
"Door","Kitchen",0.067,876.1,"Sat"
"Door","Living",0.083,876.317,"Sat"
"Door","Living",0.05,878.15,"Sat"
"Door","Kitchen",0.033,878.367,"Sat"
"Door","Kitchen",0.017,879.783,"Sat"
"Door","Living",0.05,880.8,"Sat"
"Door","Living",0.067,907.767,"Sat"
"Door","Kitchen",0.017,908,"Sat"
"Door","Kitchen",0.033,908.083,"Sat"
"Door","Living",0.05,908.283,"Sat"
"Door","Living",0.033,908.55,"Sat"
"Door","Kitchen",0.033,908.733,"Sat"
"Door","Kitchen",0.083,925.35,"Sat"
"Door","Living",0.067,925.517,"Sat"
"Door","Living",0.05,926.2,"Sat"
"Door","Kitchen",0.05,926.8,"Sat"
"Door","Kitchen",0.067,928.667,"Sat"
"Door","Living",0.05,928.9,"Sat"
"Door","Living",0.05,929.217,"Sat"
"Door","Kitchen",0.033,929.433,"Sat"
"Door","Kitchen",0.017,929.817,"Sat"
"Door","Living",0.05,930,"Sat"
"Door","Living",0.05,932.867,"Sat"
"Door","Kitchen",0.033,933.05,"Sat"
"Door","Kitchen",0.067,934.35,"Sat"
"Door","Living",0.067,934.633,"Sat"
"Door","Living",0.067,948.9,"Sat"
"Door","Kitchen",0.05,949.183,"Sat"
"Fridge","Kitchen",0.067,953.717,"Sat"
"Door","Kitchen",0.033,953.95,"Sat"
"Door","Living",0.05,954.167,"Sat"
"Door","Living",0.683,1008.3,"Sat"
"Door","Kitchen",0.05,1009.2,"Sat"
"Door","Kitchen",0.033,1012.383,"Sat"
"Door","Living",0.05,1013.1,"Sat"
"Door","Living",0.133,1108.517,"Sat"
"Door","Kitchen",0.067,1108.883,"Sat"
"Fridge","Kitchen",0.217,1109.5,"Sat"
"Door","Kitchen",0.05,1125.667,"Sat"
"Door","Living",0.05,1127.217,"Sat"
"Door","Living",0.05,1130.417,"Sat"
"Toilet","Bathroom",0.95,1132,"Sat"
"Door","Living",0.05,1132.233,"Sat"
"Seat","Living",102.35,1133.75,"Sat"
"Door","Living",0.033,1236.733,"Sat"
"Door","Living",0.05,1245.067,"Sat"
"Door","Living",0.05,1260,"Sat"
"Door","Bedroom",0.05,1260.433,"Sat"
"Door","Bedroom",0.05,1267.883,"Sat"
"Door","Living",0.05,1268,"Sat"
"Door","Living",0.05,1268.233,"Sat"
"Basin","Bathroom",0.067,1270.067,"Sat"
"Door","Kitchen",0.033,1271,"Sat"
"Door","Kitchen",0.033,1272.55,"Sat"
"Door","Living",0.05,1272.733,"Sat"
"Door","Living",0.017,1273,"Sat"
"Door","Bedroom",0.05,1273.75,"Sat"
"Door","Bedroom",0.017,1273.883,"Sat"
"Door","Kitchen",0.017,1274.467,"Sat"
"Door","Kitchen",0.033,1275.617,"Sat"
"Door","Living",0.067,1276.767,"Sat"
"Door","Living",0.067,1279.617,"Sat"
"Maindoor","Entrance",0.033,1280.317,"Sat"
"Maindoor","Entrance",0.1,85.883,"Sun"
"Door","Kitchen",0.1,87.167,"Sun"
"Door","Kitchen",0.05,88.283,"Sun"
"Door","Bedroom",0.05,88.917,"Sun"
"Door","Bedroom",0.033,90.367,"Sun"
"Basin","Bathroom",1.283,92.55,"Sun"
"Door","Bedroom",0.05,94.033,"Sun"
"Door","Bedroom",0.05,96.7,"Sun"
"Toilet","Bathroom",0.75,98.633,"Sun"
"Door","Living",0.083,99.5,"Sun"
"Door","Living",0.033,101.033,"Sun"
"Door","Bedroom",0.067,101.15,"Sun"
"Bed","Bedroom",457.15,102.383,"Sun"
"Door","Bedroom",0.05,560.2,"Sun"
"Toilet","Bathroom",0.933,565.183,"Sun"
"Door","Bedroom",0.283,565.367,"Sun"
"Bed","Bedroom",49.5,565.933,"Sun"
"Door","Bedroom",0.05,616.1,"Sun"
"Toilet","Bathroom",1.333,620.1,"Sun"
"Door","Living",0.05,622.633,"Sun"
"Door","Living",0.033,624.417,"Sun"
"Door","Bedroom",0.15,624.5,"Sun"
"Door","Bedroom",0.067,626.533,"Sun"
"Door","Kitchen",0.1,626.8,"Sun"
"Fridge","Kitchen",0.25,629.817,"Sun"
"Door","Kitchen",0.05,633.467,"Sun"
"Door","Bedroom",0.05,635.8,"Sun"
"Door","Bedroom",0.067,635.883,"Sun"
"Door","Kitchen",0.033,636.233,"Sun"
"Door","Kitchen",0.05,649.7,"Sun"
"Door","Kitchen",0.483,670.2,"Sun"
"Door","Kitchen",0.483,682.25,"Sun"
"Door","Living",0.05,683.117,"Sun"
"Door","Living",0.033,684.25,"Sun"
"Door","Bedroom",0.05,684.317,"Sun"
"Door","Bedroom",0.033,690.7,"Sun"
"Toilet","Bathroom",1.35,694.517,"Sun"
"Basin","Bathroom",13.583,695.967,"Sun"
"Door","Bedroom",0.083,710,"Sun"
"Door","Bedroom",0.067,711.133,"Sun"
"Basin","Bathroom",0.2,713.783,"Sun"
"Door","Living",0.05,714.567,"Sun"
"Door","Living",0.05,715.25,"Sun"
"Door","Kitchen",0.05,715.783,"Sun"
"Door","Kitchen",0.033,718.117,"Sun"
"Door","Living",0.05,722.083,"Sun"
"Door","Living",0.05,723.767,"Sun"
"Door","Kitchen",0.183,724.25,"Sun"
"Door","Kitchen",0.05,738.1,"Sun"
"Door","Living",0.05,743.783,"Sun"
"Door","Living",0.05,744.367,"Sun"
"Door","Kitchen",0.033,744.567,"Sun"
"Fridge","Kitchen",0.083,744.733,"Sun"
"Door","Kitchen",0.683,776,"Sun"
"Door","Living",0.05,777.817,"Sun"
"Door","Living",0.05,783.483,"Sun"
"Door","Kitchen",0.033,801.317,"Sun"
"Door","Kitchen",0.05,814.033,"Sun"
"Maindoor","Entrance",0.2,817.067,"Sun"
"Maindoor","Entrance",0.05,839.583,"Sun"
"Door","Kitchen",0.083,842.617,"Sun"
"Door","Kitchen",0.117,863.2,"Sun"
"Door","Living",0.067,863.4,"Sun"
"Door","Living",0.033,864.683,"Sun"
"Door","Kitchen",0.033,865.35,"Sun"
"Door","Kitchen",0.033,878.183,"Sun"
"Door","Living",0.05,878.383,"Sun"
"Door","Living",0.05,880.1,"Sun"
"Door","Kitchen",0.067,880.3,"Sun"
"Door","Kitchen",0.05,884.767,"Sun"
"Door","Living",0.05,885,"Sun"
"Door","Living",0.05,887.85,"Sun"
"Door","Kitchen",0.05,888.067,"Sun"
"Door","Kitchen",0.033,891.133,"Sun"
"Door","Living",0.067,891.283,"Sun"
"Door","Living",0.05,896.4,"Sun"
"Door","Kitchen",0.1,896.617,"Sun"
"Door","Kitchen",0.033,896.867,"Sun"
"Door","Living",0.05,897.067,"Sun"
"Door","Living",0.067,914.167,"Sun"
"Door","Kitchen",0.033,914.4,"Sun"
"Fridge","Kitchen",0.667,916.167,"Sun"
"Door","Kitchen",0.033,916.867,"Sun"
"Door","Living",0.05,917.317,"Sun"
"Door","Living",0.05,927.933,"Sun"
"Door","Kitchen",0.033,928.3,"Sun"
"Fridge","Kitchen",0.033,928.517,"Sun"
"Door","Kitchen",0.033,933.1,"Sun"
"Door","Living",0.067,936.517,"Sun"
"Door","Living",0.05,940.717,"Sun"
"Door","Kitchen",0.033,1005.083,"Sun"
"Fridge","Kitchen",0.233,1017.283,"Sun"
"Door","Kitchen",0.067,1019.917,"Sun"
"Door","Living",0.05,1020.55,"Sun"
"Door","Living",0.05,1027.05,"Sun"
"Door","Kitchen",0.233,1027.283,"Sun"
"Door","Kitchen",0.033,1030.633,"Sun"
"Door","Living",0.067,1030.9,"Sun"
"Seat","Living",92.817,1031.717,"Sun"
"Door","Living",0.05,1125.117,"Sun"
"Toilet","Bathroom",0.95,1126.817,"Sun"
"Door","Living",0.05,1127.933,"Sun"
"Door","Living",0.05,1128.567,"Sun"
"Door","Kitchen",0.033,1128.817,"Sun"
"Door","Kitchen",0.1,1129.8,"Sun"
"Door","Kitchen",0.05,1137.683,"Sun"
"Door","Kitchen",0.033,1146.867,"Sun"
"Toilet","Bathroom",0.983,1150.917,"Sun"
"Door","Kitchen",0.083,1151.617,"Sun"
"Door","Kitchen",0.033,1155.783,"Sun"
"Door","Living",0.067,1156.067,"Sun"
"Seat","Living",45.2,1157.017,"Sun"
"Door","Living",0.067,1203.467,"Sun"
"Door","Kitchen",0.1,1204.483,"Sun"
"Door","Kitchen",0.05,1209.117,"Sun"
"Door","Living",0.05,1209.433,"Sun"
"Door","Living",0.05,1221.717,"Sun"
"Door","Bedroom",0.15,1228.7,"Sun"
"Door","Bedroom",0.067,1229.183,"Sun"
"Basin","Bathroom",0.067,1229.55,"Sun"
"Door","Bedroom",0.133,1239.2,"Sun"
"Door","Bedroom",0.15,1241.417,"Sun"
"Door","Living",0.05,1241.733,"Sun"
"Door","Living",0.05,1278.167,"Sun"
"Door","Living",0.05,1278.467,"Sun"
"Seat","Living",224,1279.2,"Sun"
