"Start","End","Location","Place"
2018-01-11 21:14:21,2018-02-11 00:21:49,"Seat","Living"
2018-02-11 00:22:57,2018-02-11 00:22:59,"Door","Living"
2018-02-11 00:23:14,2018-02-11 00:23:17,"Door","Kitchen"
2018-02-11 00:24:20,2018-02-11 00:24:22,"Door","Kitchen"
2018-02-11 00:24:42,2018-02-11 00:24:54,"Door","Living"
2018-02-11 00:25:35,2018-02-11 00:42:56,"Seat","Living"
2018-02-11 00:43:46,2018-02-11 00:43:49,"Door","Living"
2018-02-11 00:46:12,2018-02-11 00:46:15,"Door","Bedroom"
2018-02-11 00:47:21,2018-02-11 00:47:24,"Door","Bedroom"
2018-02-11 00:48:38,2018-02-11 00:50:12,"Basin","Bathroom"
2018-02-11 00:50:29,2018-02-11 00:50:32,"Door","Living"
2018-02-11 00:51:18,2018-02-11 01:52:12,"Seat","Living"
2018-02-11 01:53:19,2018-02-11 01:53:22,"Door","Living"
2018-02-11 01:53:27,2018-02-11 01:53:35,"Basin","Bathroom"
2018-02-11 01:53:39,2018-02-11 01:54:27,"Toilet","Bathroom"
2018-02-11 01:53:53,2018-02-11 01:53:57,"Door","Bedroom"
2018-02-11 01:55:09,2018-02-11 09:30:35,"Bed","Bedroom"
2018-02-11 09:31:16,2018-02-11 09:31:19,"Door","Bedroom"
2018-02-11 09:37:28,2018-02-11 09:38:45,"Toilet","Bathroom"
2018-02-11 09:40:17,2018-02-11 09:40:22,"Door","Living"
2018-02-11 09:41:14,2018-02-11 09:41:17,"Door","Living"
2018-02-11 09:42:02,2018-02-11 09:42:05,"Door","Kitchen"
2018-02-11 09:47:57,2018-02-11 09:48:12,"Fridge","Kitchen"
2018-02-11 09:48:21,2018-02-11 09:50:02,"Microwave","Kitchen"
2018-02-11 09:52:33,2018-02-11 09:52:35,"Door","Kitchen"
2018-02-11 09:53:26,2018-02-11 09:53:29,"Door","Bedroom"
2018-02-11 09:56:16,2018-02-11 09:56:20,"Door","Bedroom"
2018-02-11 09:56:25,2018-02-11 09:56:28,"Door","Living"
2018-02-11 09:57:36,2018-02-11 10:14:50,"Seat","Living"
2018-02-11 10:15:44,2018-02-11 10:15:47,"Door","Living"
2018-02-11 10:16:55,2018-02-11 10:16:58,"Door","Bedroom"
2018-02-11 10:17:01,2018-02-11 10:17:05,"Door","Bedroom"
2018-02-11 10:18:19,2018-02-11 10:20:15,"Basin","Bathroom"
2018-02-11 10:21:39,2018-02-11 10:29:45,"Shower","Bathroom"
2018-02-11 10:32:25,2018-02-11 10:32:38,"Door","Living"
2018-02-11 10:33:09,2018-02-11 10:33:10,"Door","Living"
2018-02-11 10:33:23,2018-02-11 10:33:25,"Door","Kitchen"
2018-02-11 10:33:27,2018-02-11 10:33:42,"Door","Kitchen"
2018-02-11 10:33:47,2018-02-11 10:34:10,"Basin","Bathroom"
2018-02-11 10:34:11,2018-02-11 10:35:02,"Toilet","Bathroom"
2018-02-11 10:35:14,2018-02-11 10:40:01,"Basin","Bathroom"
2018-02-11 10:40:29,2018-02-11 10:40:31,"Door","Kitchen"
2018-02-11 10:41:08,2018-02-11 10:41:10,"Door","Kitchen"
2018-02-11 10:41:20,2018-02-11 10:41:22,"Door","Living"
2018-02-11 10:41:42,2018-02-11 10:41:44,"Door","Living"
2018-02-11 10:42:05,2018-02-11 10:42:07,"Basin","Bathroom"
2018-02-11 10:47:17,2018-02-11 10:47:24,"Door","Living"
2018-02-11 11:04:53,2018-02-11 11:04:56,"Door","Living"
2018-02-11 11:05:44,2018-02-11 11:05:47,"Door","Kitchen"
2018-02-11 11:06:11,2018-02-11 11:06:34,"Fridge","Kitchen"
2018-02-11 11:09:44,2018-02-11 11:10:42,"Microwave","Kitchen"
2018-02-11 11:20:40,2018-02-11 11:20:45,"Door","Kitchen"
2018-02-11 11:21:26,2018-02-11 11:21:30,"Door","Living"
2018-02-11 11:23:34,2018-02-11 11:23:37,"Door","Living"
2018-02-11 11:24:12,2018-02-11 11:24:17,"Door","Bedroom"
2018-02-11 11:32:27,2018-02-11 11:32:29,"Door","Bedroom"
2018-02-11 11:32:39,2018-02-11 11:32:41,"Door","Kitchen"
2018-02-11 11:33:15,2018-02-11 11:33:17,"Door","Kitchen"
2018-02-11 11:34:08,2018-02-11 11:34:10,"Door","Bedroom"
2018-02-11 11:34:45,2018-02-11 11:34:52,"Door","Bedroom"
2018-02-11 11:37:49,2018-02-11 11:37:52,"Door","Kitchen"
2018-02-11 11:38:27,2018-02-11 11:40:06,"Fridge","Kitchen"
2018-02-11 11:43:52,2018-02-11 11:43:55,"Fridge","Kitchen"
2018-02-11 11:47:09,2018-02-11 11:47:23,"Door","Kitchen"
2018-02-11 11:47:38,2018-02-11 11:47:48,"Door","Living"
2018-02-11 12:01:50,2018-02-11 12:01:52,"Door","Living"
2018-02-11 12:02:07,2018-02-11 12:02:09,"Door","Bedroom"
2018-02-11 12:22:23,2018-02-11 12:22:30,"Door","Bedroom"
2018-02-11 12:23:33,2018-02-11 12:23:48,"Door","Kitchen"
2018-02-11 12:37:00,2018-02-11 12:37:03,"Door","Kitchen"
2018-02-11 12:39:35,2018-02-11 12:39:42,"Door","Bedroom"
2018-02-11 12:41:44,2018-02-11 12:41:46,"Door","Bedroom"
2018-02-11 12:41:59,2018-02-11 12:42:39,"Toilet","Bathroom"
2018-02-11 12:43:41,2018-02-11 12:43:43,"Door","Bedroom"
2018-02-11 12:49:21,2018-02-11 12:49:23,"Door","Bedroom"
2018-02-11 12:49:42,2018-02-11 12:49:46,"Door","Living"
2018-02-11 12:51:01,2018-02-11 12:51:04,"Door","Living"
2018-02-11 12:52:58,2018-02-11 12:55:12,"Toilet","Bathroom"
2018-02-11 13:00:02,2018-02-11 13:07:11,"Basin","Bathroom"
2018-02-11 13:12:47,2018-02-11 13:18:24,"Basin","Bathroom"
2018-02-11 13:19:01,2018-02-11 13:19:52,"Door","Living"
2018-02-11 13:32:42,2018-02-11 13:32:46,"Door","Living"
2018-02-11 13:33:11,2018-02-11 13:33:15,"Door","Kitchen"
2018-02-11 13:44:23,2018-02-11 13:44:27,"Door","Kitchen"
2018-02-11 13:47:49,2018-02-11 13:47:51,"Door","Kitchen"
2018-02-11 13:52:31,2018-02-11 13:55:39,"Fridge","Kitchen"
2018-02-11 14:00:02,2018-02-11 14:00:05,"Door","Kitchen"
2018-02-11 14:04:47,2018-02-11 14:04:50,"Door","Living"
2018-02-11 14:20:16,2018-02-11 14:20:18,"Door","Living"
2018-02-11 14:20:28,2018-02-11 14:20:31,"Door","Kitchen"
2018-02-11 14:39:01,2018-02-11 14:39:08,"Cupboard","Kitchen"
2018-02-11 14:39:15,2018-02-11 14:39:21,"Cupboard","Kitchen"
2018-02-11 14:48:44,2018-02-11 14:48:47,"Door","Kitchen"
2018-02-11 14:48:54,2018-02-11 14:48:57,"Door","Living"
2018-02-11 14:49:15,2018-02-11 14:49:18,"Door","Living"
2018-02-11 14:49:30,2018-02-11 14:49:33,"Door","Kitchen"
2018-02-11 14:51:33,2018-02-11 14:51:40,"Cupboard","Kitchen"
2018-02-11 14:53:12,2018-02-11 14:53:14,"Door","Kitchen"
2018-02-11 14:54:45,2018-02-11 14:54:47,"Door","Living"
2018-02-11 15:22:47,2018-02-11 15:22:50,"Door","Living"
2018-02-11 15:23:00,2018-02-11 15:23:02,"Door","Kitchen"
2018-02-11 15:23:38,2018-02-11 15:23:50,"Cupboard","Kitchen"
2018-02-11 15:31:49,2018-02-11 15:31:53,"Door","Kitchen"
2018-02-11 15:38:50,2018-02-11 15:39:48,"Toilet","Bathroom"
2018-02-11 15:39:05,2018-02-11 15:40:39,"Basin","Bathroom"
2018-02-11 15:42:55,2018-02-11 15:42:58,"Door","Living"
2018-02-11 15:43:15,2018-02-11 16:10:35,"Seat","Living"
2018-02-11 16:11:28,2018-02-11 16:11:34,"Door","Living"
2018-02-11 16:22:22,2018-02-11 16:22:29,"Maindoor","Entrance"
2018-02-11 17:08:34,2018-02-11 17:08:37,"Maindoor","Entrance"
2018-02-11 17:10:11,2018-02-11 17:10:14,"Door","Living"
2018-02-11 17:29:17,2018-02-11 17:29:21,"Door","Living"
2018-02-11 17:29:30,2018-02-11 17:29:33,"Door","Kitchen"
2018-02-11 17:29:50,2018-02-11 17:29:52,"Door","Kitchen"
2018-02-11 17:30:08,2018-02-11 17:30:16,"Door","Living"
2018-02-11 17:35:38,2018-02-11 17:35:42,"Door","Living"
2018-02-11 17:43:33,2018-02-11 17:44:31,"Toilet","Bathroom"
2018-02-11 17:43:55,2018-02-11 17:44:07,"Basin","Bathroom"
2018-02-11 17:44:37,2018-02-11 17:44:40,"Door","Living"
2018-02-11 17:45:22,2018-02-11 18:46:58,"Seat","Living"
2018-02-11 18:47:29,2018-02-11 18:47:32,"Door","Living"
2018-02-11 18:47:45,2018-02-11 18:47:49,"Door","Kitchen"
2018-02-11 18:52:17,2018-02-11 18:52:33,"Fridge","Kitchen"
2018-02-11 18:52:42,2018-02-11 18:53:43,"Microwave","Kitchen"
2018-02-11 18:56:12,2018-02-11 18:56:15,"Door","Kitchen"
2018-02-11 19:00:51,2018-02-11 19:00:56,"Door","Bedroom"
2018-02-11 19:02:07,2018-02-11 19:02:10,"Door","Bedroom"
2018-02-11 19:02:15,2018-02-11 19:02:19,"Door","Living"
2018-02-11 19:03:07,2018-02-11 20:56:46,"Seat","Living"
2018-02-11 20:57:05,2018-02-11 20:57:07,"Door","Living"
2018-02-11 20:57:11,2018-02-11 20:57:23,"Door","Bedroom"
2018-02-11 20:59:39,2018-02-11 20:59:42,"Door","Bedroom"
2018-02-11 21:06:32,2018-02-11 21:06:35,"Door","Living"
2018-02-11 21:11:39,2018-02-11 21:11:58,"Door","Living"
2018-02-11 21:14:56,2018-02-11 21:15:03,"Basin","Bathroom"
2018-02-11 21:15:13,2018-02-11 21:15:17,"Door","Living"
2018-02-11 22:34:24,2018-02-11 22:34:27,"Door","Living"
2018-02-11 22:34:27,2018-02-11 22:34:30,"Door","Bedroom"
2018-02-11 22:34:46,2018-02-11 22:34:48,"Door","Bedroom"
2018-02-11 22:35:21,2018-02-11 22:35:25,"Door","Kitchen"
2018-02-11 22:36:23,2018-02-11 22:36:58,"Cupboard","Kitchen"
2018-02-11 22:37:52,2018-02-11 22:37:55,"Door","Kitchen"
2018-02-11 22:53:46,2018-02-11 22:53:54,"Basin","Bathroom"
2018-02-11 22:54:10,2018-02-11 22:54:14,"Door","Living"
2018-02-11 22:55:02,2018-02-11 23:33:45,"Seat","Living"
2018-02-11 23:34:27,2018-02-11 23:34:30,"Door","Living"
2018-02-11 23:34:40,2018-02-11 23:34:43,"Door","Bedroom"
2018-02-11 23:36:45,2018-02-11 23:36:47,"Door","Bedroom"
2018-02-11 23:36:51,2018-02-11 23:37:59,"Toilet","Bathroom"
2018-02-11 23:38:15,2018-02-11 23:38:19,"Door","Living"
2018-02-11 23:45:05,2018-02-11 23:45:08,"Door","Living"
2018-02-11 23:45:08,2018-02-11 23:45:11,"Door","Kitchen"
2018-02-11 23:45:53,2018-02-11 23:45:55,"Door","Kitchen"
2018-02-11 23:46:23,2018-02-11 23:46:26,"Door","Living"
2018-02-11 23:47:02,NA,"Seat","Living"
NA,NA,"Door","Living"
NA,NA,"Basin","Bathroom"
NA,NA,"Door","Bedroom"
NA,NA,"Bed","Bedroom"
NA,NA,"Door","Bedroom"
NA,NA,"Door","Living"
NA,NA,"Door","Living"
NA,NA,"Door","Kitchen"
NA,NA,"Fridge","Kitchen"
NA,NA,"Microwave","Kitchen"
NA,NA,"Fridge","Kitchen"
NA,NA,"Door","Kitchen"
NA,NA,"Door","Bedroom"
NA,NA,"Door","Bedroom"
NA,NA,"Basin","Bathroom"
NA,NA,"Toilet","Bathroom"
NA,NA,"Basin","Bathroom"
NA,NA,"Basin","Bathroom"
NA,NA,"Basin","Bathroom"
NA,NA,"Door","Bedroom"
NA,NA,"Door","Bedroom"
NA,NA,"Maindoor","Entrance"
NA,NA,"Maindoor","Entrance"
NA,NA,"Door","Kitchen"
NA,NA,"Fridge","Kitchen"
NA,NA,"Door","Kitchen"
NA,NA,"Door","Kitchen"
NA,NA,"Door","Kitchen"
NA,NA,"Door","Bedroom"
NA,NA,"Door","Bedroom"
NA,NA,"Maindoor","Entrance"
NA,NA,"Maindoor","Entrance"
NA,NA,"Door","Kitchen"
NA,NA,"Door","Kitchen"
NA,NA,"Door","Bedroom"
NA,NA,"Door","Bedroom"
NA,NA,"Door","Kitchen"
NA,NA,"Fridge","Kitchen"
NA,NA,"Fridge","Kitchen"
NA,NA,"Door","Kitchen"
NA,NA,"Door","Kitchen"
NA,NA,"Door","Kitchen"
NA,NA,"Toilet","Bathroom"
NA,NA,"Door","Kitchen"
NA,NA,"Door","Kitchen"
NA,NA,"Door","Kitchen"
NA,NA,"Cupboard","Kitchen"
NA,NA,"Fridge","Kitchen"
NA,NA,"Cupboard","Kitchen"
NA,NA,"Door","Kitchen"
NA,NA,"Door","Living"
NA,NA,"Door","Living"
NA,NA,"Door","Kitchen"
NA,NA,"Door","Kitchen"
NA,NA,"Door","Living"
NA,NA,"Seat","Living"
NA,NA,"Door","Living"
NA,NA,"Door","Kitchen"
NA,NA,"Door","Kitchen"
NA,NA,"Door","Living"
NA,NA,"Door","Living"
NA,NA,"Toilet","Bathroom"
NA,NA,"Door","Living"
NA,NA,"Door","Living"
NA,NA,"Door","Bedroom"
NA,NA,"Door","Bedroom"
NA,NA,"Door","Living"
NA,NA,"Seat","Living"
NA,NA,"Door","Living"
NA,NA,"Door","Bedroom"
NA,NA,"Door","Bedroom"
NA,NA,"Door","Kitchen"
NA,NA,"Door","Kitchen"
NA,NA,"Door","Living"
NA,NA,"Seat","Living"
NA,NA,"Door","Living"
NA,NA,"Door","Living"
NA,NA,"Seat","Living"
NA,NA,"Door","Living"
NA,NA,"Door","Living"
NA,NA,"Seat","Living"
NA,NA,"Door","Living"
NA,NA,"Door","Kitchen"
NA,NA,"Door","Kitchen"
NA,NA,"Door","Kitchen"
NA,NA,"Door","Kitchen"
NA,NA,"Door","Living"
NA,NA,"Door","Living"
NA,NA,"Toilet","Bathroom"
NA,NA,"Door","Bedroom"
NA,NA,"Door","Bedroom"
NA,NA,"Door","Living"
NA,NA,"Seat","Living"
NA,NA,"Door","Living"
NA,NA,"Door","Bedroom"
NA,NA,"Door","Bedroom"
NA,NA,"Door","Living"
NA,NA,"Door","Living"
NA,NA,"Door","Kitchen"
NA,NA,"Microwave","Kitchen"
NA,NA,"Door","Kitchen"
NA,NA,"Door","Living"
NA,NA,"Door","Living"
NA,NA,"Door","Bedroom"
NA,NA,"Door","Bedroom"
NA,NA,"Basin","Bathroom"
NA,NA,"Door","Living"
NA,NA,"Door","Living"
NA,NA,"Door","Kitchen"
NA,NA,"Door","Kitchen"
NA,NA,"Door","Living"
NA,NA,"Seat","Living"
NA,NA,"Door","Living"
NA,NA,"Basin","Bathroom"
NA,NA,"Toilet","Bathroom"
NA,NA,"Door","Bedroom"
NA,NA,"Bed","Bedroom"
NA,NA,"Door","Bedroom"
NA,NA,"Basin","Bathroom"
NA,NA,"Door","Bedroom"
NA,NA,"Bed","Bedroom"
NA,NA,"Door","Bedroom"
NA,NA,"Toilet","Bathroom"
NA,NA,"Door","Bedroom"
NA,NA,"Door","Bedroom"
NA,NA,"Door","Kitchen"
NA,NA,"Fridge","Kitchen"
NA,NA,"Microwave","Kitchen"
NA,NA,"Microwave","Kitchen"
NA,NA,"Door","Kitchen"
NA,NA,"Door","Living"
NA,NA,"Door","Living"
NA,NA,"Door","Bedroom"
NA,NA,"Door","Bedroom"
NA,NA,"Door","Living"
NA,NA,"Seat","Living"
NA,NA,"Door","Living"
NA,NA,"Door","Kitchen"
NA,NA,"Fridge","Kitchen"
NA,NA,"Door","Kitchen"
NA,NA,"Door","Kitchen"
NA,NA,"Cupboard","Kitchen"
NA,NA,"Door","Kitchen"
NA,NA,"Door","Bedroom"
NA,NA,"Door","Bedroom"
NA,NA,"Door","Living"
NA,NA,"Seat","Living"
NA,NA,"Door","Living"
NA,NA,"Door","Living"
NA,NA,"Seat","Living"
NA,NA,"Door","Living"
NA,NA,"Door","Kitchen"
NA,NA,"Door","Kitchen"
NA,NA,"Basin","Bathroom"
NA,NA,"Shower","Bathroom"
NA,NA,"Basin","Bathroom"
NA,NA,"Basin","Bathroom"
NA,NA,"Door","Bedroom"
NA,NA,"Door","Bedroom"
NA,NA,"Basin","Bathroom"
NA,NA,"Door","Living"
NA,NA,"Door","Living"
NA,NA,"Door","Bedroom"
NA,NA,"Door","Bedroom"
NA,NA,"Door","Living"
NA,NA,"Seat","Living"
NA,NA,"Door","Living"
NA,NA,"Maindoor","Entrance"
NA,NA,"Maindoor","Entrance"
NA,NA,"Door","Living"
NA,NA,"Door","Living"
NA,NA,"Door","Kitchen"
NA,NA,"Door","Kitchen"
NA,NA,"Door","Living"
NA,NA,"Door","Living"
NA,NA,"Maindoor","Entrance"
NA,NA,"Maindoor","Entrance"
NA,NA,"Toilet","Bathroom"
NA,NA,"Basin","Bathroom"
NA,NA,"Door","Living"
NA,NA,"Door","Living"
NA,NA,"Door","Bedroom"
NA,NA,"Door","Bedroom"
NA,NA,"Maindoor","Entrance"
NA,NA,"Maindoor","Entrance"
NA,NA,"Door","Living"
NA,NA,"Door","Living"
NA,NA,"Door","Living"
NA,NA,"Seat","Living"
NA,NA,"Door","Living"
NA,NA,"Door","Living"
NA,NA,"Door","Living"
NA,NA,"Door","Bedroom"
NA,NA,"Door","Bedroom"
NA,NA,"Door","Living"
NA,NA,"Door","Living"
NA,NA,"Door","Kitchen"
NA,NA,"Door","Kitchen"
NA,NA,"Door","Living"
NA,NA,"Seat","Living"
NA,NA,"Door","Living"
NA,NA,"Door","Living"
NA,NA,"Door","Living"
NA,NA,"Door","Kitchen"
NA,NA,"Microwave","Kitchen"
NA,NA,"Cupboard","Kitchen"
NA,NA,"Door","Kitchen"
NA,NA,"Door","Living"
NA,NA,"Door","Living"
NA,NA,"Door","Kitchen"
NA,NA,"Microwave","Kitchen"
NA,NA,"Fridge","Kitchen"
NA,NA,"Fridge","Kitchen"
NA,NA,"Door","Kitchen"
NA,NA,"Door","Living"
NA,NA,"Seat","Living"
NA,NA,"Door","Living"
NA,NA,"Door","Kitchen"
NA,NA,"Fridge","Kitchen"
NA,NA,"Door","Kitchen"
NA,NA,"Door","Living"
NA,NA,"Seat","Living"
NA,NA,"Door","Living"
NA,NA,"Door","Bedroom"
NA,NA,"Door","Bedroom"
NA,NA,"Door","Kitchen"
NA,NA,"Door","Kitchen"
NA,NA,"Door","Living"
NA,NA,"Seat","Living"
NA,NA,"Door","Living"
NA,NA,"Basin","Bathroom"
NA,NA,"Toilet","Bathroom"
NA,NA,"Basin","Bathroom"
NA,NA,"Door","Bedroom"
NA,NA,"Bed","Bedroom"
NA,NA,"Door","Bedroom"
NA,NA,"Door","Bedroom"
NA,NA,"Bed","Bedroom"
NA,NA,"Door","Bedroom"
NA,NA,"Door","Living"
NA,NA,"Seat","Living"
NA,NA,"Door","Living"
NA,NA,"Door","Bedroom"
NA,NA,"Bed","Bedroom"
NA,NA,"Door","Bedroom"
NA,NA,"Toilet","Bathroom"
NA,NA,"Door","Bedroom"
NA,NA,"Bed","Bedroom"
NA,NA,"Door","Bedroom"
NA,NA,"Door","Living"
NA,NA,"Door","Living"
NA,NA,"Door","Kitchen"
NA,NA,"Fridge","Kitchen"
NA,NA,"Microwave","Kitchen"
NA,NA,"Door","Kitchen"
NA,NA,"Door","Living"
NA,NA,"Door","Living"
NA,NA,"Toilet","Bathroom"
NA,NA,"Basin","Bathroom"
NA,NA,"Door","Bedroom"
NA,NA,"Door","Bedroom"
NA,NA,"Basin","Bathroom"
NA,NA,"Shower","Bathroom"
NA,NA,"Basin","Bathroom"
NA,NA,"Door","Bedroom"
NA,NA,"Door","Bedroom"
NA,NA,"Door","Kitchen"
NA,NA,"Door","Kitchen"
NA,NA,"Door","Bedroom"
NA,NA,"Door","Bedroom"
NA,NA,"Door","Living"
NA,NA,"Seat","Living"
NA,NA,"Door","Living"
NA,NA,"Door","Bedroom"
NA,NA,"Door","Bedroom"
NA,NA,"Maindoor","Entrance"
NA,NA,"Maindoor","Entrance"
NA,NA,"Door","Kitchen"
NA,NA,"Door","Kitchen"
NA,NA,"Door","Living"
NA,NA,"Door","Living"
NA,NA,"Door","Kitchen"
NA,NA,"Door","Kitchen"
NA,NA,"Door","Living"
NA,NA,"Seat","Living"
NA,NA,"Door","Living"
NA,NA,"Door","Kitchen"
NA,NA,"Door","Kitchen"
NA,NA,"Door","Living"
NA,NA,"Door","Living"
NA,NA,"Door","Kitchen"
NA,NA,"Cupboard","Kitchen"
NA,NA,"Door","Kitchen"
NA,NA,"Door","Living"
NA,NA,"Door","Living"
NA,NA,"Door","Kitchen"
NA,NA,"Fridge","Kitchen"
NA,NA,"Door","Kitchen"
NA,NA,"Door","Living"
NA,NA,"Door","Living"
NA,NA,"Door","Kitchen"
NA,NA,"Fridge","Kitchen"
NA,NA,"Door","Kitchen"
NA,NA,"Door","Living"
NA,NA,"Door","Living"
NA,NA,"Toilet","Bathroom"
NA,NA,"Basin","Bathroom"
NA,NA,"Door","Living"
NA,NA,"Door","Living"
NA,NA,"Maindoor","Entrance"
NA,NA,"Maindoor","Entrance"
NA,NA,"Door","Living"
NA,NA,"Door","Living"
NA,NA,"Door","Kitchen"
NA,NA,"Door","Kitchen"
NA,NA,"Door","Living"
NA,NA,"Door","Living"
NA,NA,"Door","Kitchen"
NA,NA,"Door","Kitchen"
NA,NA,"Door","Living"
NA,NA,"Door","Living"
NA,NA,"Door","Kitchen"
NA,NA,"Microwave","Kitchen"
NA,NA,"Cupboard","Kitchen"
NA,NA,"Door","Kitchen"
NA,NA,"Door","Living"
NA,NA,"Door","Living"
NA,NA,"Door","Kitchen"
NA,NA,"Door","Kitchen"
NA,NA,"Door","Living"
NA,NA,"Door","Living"
NA,NA,"Basin","Bathroom"
NA,NA,"Toilet","Bathroom"
NA,NA,"Basin","Bathroom"
NA,NA,"Door","Living"
NA,NA,"Door","Living"
NA,NA,"Door","Bedroom"
NA,NA,"Bed","Bedroom"
NA,NA,"Door","Bedroom"
NA,NA,"Door","Living"
NA,NA,"Door","Living"
NA,NA,"Door","Kitchen"
NA,NA,"Fridge","Kitchen"
NA,NA,"Microwave","Kitchen"
NA,NA,"Door","Kitchen"
NA,NA,"Shower","Bathroom"
NA,NA,"Basin","Bathroom"
NA,NA,"Basin","Bathroom"
NA,NA,"Door","Bedroom"
NA,NA,"Door","Bedroom"
NA,NA,"Basin","Bathroom"
NA,NA,"Door","Living"
NA,NA,"Door","Living"
NA,NA,"Door","Kitchen"
NA,NA,"Fridge","Kitchen"
NA,NA,"Door","Kitchen"
NA,NA,"Maindoor","Entrance"
NA,NA,"Maindoor","Entrance"
NA,NA,"Door","Bedroom"
NA,NA,"Door","Bedroom"
NA,NA,"Door","Living"
NA,NA,"Seat","Living"
NA,NA,"Door","Living"
NA,NA,"Door","Kitchen"
NA,NA,"Door","Kitchen"
NA,NA,"Door","Living"
NA,NA,"Door","Living"
NA,NA,"Door","Kitchen"
NA,NA,"Cupboard","Kitchen"
NA,NA,"Door","Kitchen"
NA,NA,"Door","Living"
NA,NA,"Door","Living"
NA,NA,"Door","Kitchen"
NA,NA,"Door","Kitchen"
NA,NA,"Door","Living"
NA,NA,"Door","Living"
NA,NA,"Door","Kitchen"
NA,NA,"Door","Kitchen"
NA,NA,"Door","Living"
NA,NA,"Door","Living"
NA,NA,"Door","Kitchen"
NA,NA,"Door","Kitchen"
NA,NA,"Toilet","Bathroom"
NA,NA,"Door","Bedroom"
NA,NA,"Door","Bedroom"
NA,NA,"Door","Living"
NA,NA,"Door","Living"
NA,NA,"Maindoor","Entrance"
NA,NA,"Maindoor","Entrance"
NA,NA,"Door","Living"
NA,NA,"Door","Living"
NA,NA,"Toilet","Bathroom"
NA,NA,"Door","Living"
NA,NA,"Door","Living"
NA,NA,"Door","Kitchen"
NA,NA,"Microwave","Kitchen"
NA,NA,"Fridge","Kitchen"
NA,NA,"Door","Kitchen"
NA,NA,"Door","Living"
NA,NA,"Seat","Living"
NA,NA,"Door","Living"
NA,NA,"Door","Kitchen"
NA,NA,"Door","Kitchen"
NA,NA,"Door","Living"
NA,NA,"Seat","Living"
NA,NA,"Door","Living"
NA,NA,"Door","Kitchen"
NA,NA,"Door","Kitchen"
NA,NA,"Door","Living"
NA,NA,"Seat","Living"
NA,NA,"Door","Living"
NA,NA,"Door","Living"
NA,NA,"Door","Living"
NA,NA,"Basin","Bathroom"
NA,NA,"Door","Living"
NA,NA,"Door","Living"
NA,NA,"Maindoor","Entrance"
NA,NA,"Maindoor","Entrance"
NA,NA,"Door","Bedroom"
NA,NA,"Door","Bedroom"
NA,NA,"Door","Living"
NA,NA,"Door","Living"
NA,NA,"Basin","Bathroom"
NA,NA,"Toilet","Bathroom"
NA,NA,"Basin","Bathroom"
NA,NA,"Door","Bedroom"
NA,NA,"Bed","Bedroom"
NA,NA,"Door","Bedroom"
NA,NA,"Toilet","Bathroom"
NA,NA,"Door","Living"
NA,NA,"Door","Living"
NA,NA,"Door","Kitchen"
NA,NA,"Fridge","Kitchen"
NA,NA,"Fridge","Kitchen"
NA,NA,"Microwave","Kitchen"
NA,NA,"Door","Kitchen"
NA,NA,"Door","Bedroom"
NA,NA,"Door","Bedroom"
NA,NA,"Shower","Bathroom"
NA,NA,"Basin","Bathroom"
NA,NA,"Basin","Bathroom"
NA,NA,"Door","Bedroom"
NA,NA,"Door","Bedroom"
NA,NA,"Basin","Bathroom"
NA,NA,"Door","Bedroom"
NA,NA,"Door","Bedroom"
NA,NA,"Maindoor","Entrance"
NA,NA,"Maindoor","Entrance"
NA,NA,"Door","Living"
NA,NA,"Door","Living"
NA,NA,"Door","Bedroom"
NA,NA,"Door","Bedroom"
NA,NA,"Door","Bedroom"
NA,NA,"Door","Bedroom"
NA,NA,"Basin","Bathroom"
NA,NA,"Door","Bedroom"
NA,NA,"Door","Bedroom"
NA,NA,"Door","Living"
NA,NA,"Seat","Living"
NA,NA,"Door","Living"
NA,NA,"Door","Kitchen"
NA,NA,"Door","Kitchen"
NA,NA,"Door","Living"
NA,NA,"Seat","Living"
NA,NA,"Door","Living"
NA,NA,"Door","Living"
NA,NA,"Door","Living"
NA,NA,"Door","Bedroom"
NA,NA,"Door","Bedroom"
NA,NA,"Maindoor","Entrance"
NA,NA,"Maindoor","Entrance"
NA,NA,"Door","Bedroom"
NA,NA,"Door","Bedroom"
NA,NA,"Toilet","Bathroom"
NA,NA,"Basin","Bathroom"
NA,NA,"Door","Living"
NA,NA,"Door","Living"
NA,NA,"Door","Kitchen"
NA,NA,"Door","Kitchen"
NA,NA,"Door","Living"
NA,NA,"Seat","Living"
NA,NA,"Door","Living"
NA,NA,"Door","Kitchen"
NA,NA,"Door","Kitchen"
NA,NA,"Door","Living"
NA,NA,"Door","Living"
NA,NA,"Door","Bedroom"
NA,NA,"Door","Bedroom"
NA,NA,"Door","Living"
NA,NA,"Door","Living"
NA,NA,"Door","Living"
NA,NA,"Door","Living"
NA,NA,"Door","Kitchen"
NA,NA,"Door","Kitchen"
NA,NA,"Door","Living"
NA,NA,"Seat","Living"
NA,NA,"Door","Living"
NA,NA,"Door","Kitchen"
NA,NA,"Door","Kitchen"
NA,NA,"Door","Living"
NA,NA,"Seat","Living"
NA,NA,"Door","Living"
NA,NA,"Door","Kitchen"
NA,NA,"Microwave","Kitchen"
NA,NA,"Door","Kitchen"
NA,NA,"Door","Living"
NA,NA,"Door","Living"
NA,NA,"Door","Kitchen"
NA,NA,"Microwave","Kitchen"
NA,NA,"Door","Kitchen"
NA,NA,"Door","Living"
NA,NA,"Door","Living"
NA,NA,"Door","Bedroom"
NA,NA,"Door","Bedroom"
NA,NA,"Door","Living"
NA,NA,"Door","Living"
NA,NA,"Toilet","Bathroom"
NA,NA,"Basin","Bathroom"
NA,NA,"Door","Bedroom"
NA,NA,"Door","Bedroom"
NA,NA,"Door","Living"
NA,NA,"Door","Living"
NA,NA,"Door","Bedroom"
NA,NA,"Door","Bedroom"
NA,NA,"Door","Living"
NA,NA,"Door","Living"
NA,NA,"Basin","Bathroom"
NA,NA,"Door","Living"
NA,NA,"Door","Living"
NA,NA,"Maindoor","Entrance"
NA,NA,"Maindoor","Entrance"
NA,NA,"Door","Bedroom"
NA,NA,"Door","Bedroom"
NA,NA,"Door","Living"
NA,NA,"Seat","Living"
NA,NA,"Door","Living"
NA,NA,"Door","Bedroom"
NA,NA,"Bed","Bedroom"
NA,NA,"Door","Bedroom"
NA,NA,"Door","Living"
NA,NA,"Door","Living"
NA,NA,"Door","Kitchen"
NA,NA,"Door","Kitchen"
NA,NA,"Toilet","Bathroom"
NA,NA,"Door","Kitchen"
NA,NA,"Fridge","Kitchen"
NA,NA,"Microwave","Kitchen"
NA,NA,"Fridge","Kitchen"
NA,NA,"Door","Kitchen"
NA,NA,"Door","Bedroom"
NA,NA,"Door","Bedroom"
NA,NA,"Door","Kitchen"
NA,NA,"Door","Kitchen"
NA,NA,"Shower","Bathroom"
NA,NA,"Basin","Bathroom"
NA,NA,"Basin","Bathroom"
NA,NA,"Door","Bedroom"
NA,NA,"Door","Bedroom"
NA,NA,"Maindoor","Entrance"
NA,NA,"Maindoor","Entrance"
NA,NA,"Door","Bedroom"
NA,NA,"Door","Bedroom"
NA,NA,"Door","Kitchen"
NA,NA,"Door","Kitchen"
NA,NA,"Door","Bedroom"
NA,NA,"Door","Bedroom"
NA,NA,"Door","Living"
NA,NA,"Door","Living"
NA,NA,"Door","Living"
NA,NA,"Seat","Living"
NA,NA,"Door","Living"
NA,NA,"Maindoor","Entrance"
NA,NA,"Maindoor","Entrance"
NA,NA,"Door","Living"
NA,NA,"Door","Living"
NA,NA,"Door","Kitchen"
NA,NA,"Door","Kitchen"
NA,NA,"Door","Living"
NA,NA,"Door","Living"
NA,NA,"Door","Kitchen"
NA,NA,"Cupboard","Kitchen"
NA,NA,"Door","Kitchen"
NA,NA,"Door","Living"
NA,NA,"Door","Living"
NA,NA,"Door","Kitchen"
NA,NA,"Door","Kitchen"
NA,NA,"Door","Living"
NA,NA,"Door","Living"
NA,NA,"Door","Kitchen"
NA,NA,"Door","Kitchen"
NA,NA,"Door","Living"
NA,NA,"Door","Living"
NA,NA,"Door","Kitchen"
NA,NA,"Door","Kitchen"
NA,NA,"Door","Living"
NA,NA,"Door","Living"
NA,NA,"Door","Kitchen"
NA,NA,"Door","Kitchen"
NA,NA,"Toilet","Bathroom"
NA,NA,"Basin","Bathroom"
NA,NA,"Door","Living"
NA,NA,"Door","Living"
NA,NA,"Basin","Bathroom"
NA,NA,"Door","Living"
NA,NA,"Seat","Living"
NA,NA,"Door","Living"
NA,NA,"Door","Kitchen"
NA,NA,"Door","Kitchen"
NA,NA,"Door","Living"
NA,NA,"Door","Living"
NA,NA,"Door","Kitchen"
NA,NA,"Door","Kitchen"
NA,NA,"Door","Living"
NA,NA,"Seat","Living"
NA,NA,"Door","Living"
NA,NA,"Door","Living"
NA,NA,"Seat","Living"
NA,NA,"Door","Living"
NA,NA,"Door","Kitchen"
NA,NA,"Door","Kitchen"
NA,NA,"Door","Living"
NA,NA,"Door","Living"
NA,NA,"Maindoor","Entrance"
NA,NA,"Maindoor","Entrance"
NA,NA,"Door","Kitchen"
NA,NA,"Fridge","Kitchen"
NA,NA,"Fridge","Kitchen"
NA,NA,"Door","Kitchen"
NA,NA,"Door","Living"
NA,NA,"Door","Living"
NA,NA,"Door","Bedroom"
NA,NA,"Door","Bedroom"
NA,NA,"Basin","Bathroom"
NA,NA,"Basin","Bathroom"
NA,NA,"Door","Living"
NA,NA,"Door","Living"
NA,NA,"Door","Kitchen"
NA,NA,"Microwave","Kitchen"
NA,NA,"Door","Kitchen"
NA,NA,"Door","Living"
NA,NA,"Door","Living"
NA,NA,"Basin","Bathroom"
NA,NA,"Door","Living"
NA,NA,"Door","Living"
NA,NA,"Door","Kitchen"
NA,NA,"Door","Kitchen"
NA,NA,"Door","Living"
NA,NA,"Seat","Living"
NA,NA,"Door","Living"
NA,NA,"Door","Kitchen"
NA,NA,"Door","Kitchen"
NA,NA,"Toilet","Bathroom"
NA,NA,"Door","Bedroom"
NA,NA,"Bed","Bedroom"
NA,NA,"Door","Bedroom"
NA,NA,"Toilet","Bathroom"
NA,NA,"Door","Kitchen"
NA,NA,"Fridge","Kitchen"
NA,NA,"Fridge","Kitchen"
NA,NA,"Microwave","Kitchen"
NA,NA,"Fridge","Kitchen"
NA,NA,"Door","Kitchen"
NA,NA,"Door","Living"
NA,NA,"Door","Living"
NA,NA,"Door","Kitchen"
NA,NA,"Door","Kitchen"
NA,NA,"Door","Living"
NA,NA,"Seat","Living"
NA,NA,"Door","Living"
NA,NA,"Door","Kitchen"
NA,NA,"Door","Kitchen"
NA,NA,"Door","Living"
NA,NA,"Door","Living"
NA,NA,"Door","Bedroom"
NA,NA,"Door","Bedroom"
NA,NA,"Door","Living"
NA,NA,"Door","Living"
NA,NA,"Door","Kitchen"
NA,NA,"Door","Kitchen"
NA,NA,"Door","Bedroom"
NA,NA,"Door","Bedroom"
NA,NA,"Door","Living"
NA,NA,"Door","Living"
NA,NA,"Door","Kitchen"
NA,NA,"Door","Kitchen"
NA,NA,"Basin","Bathroom"
NA,NA,"Basin","Bathroom"
NA,NA,"Shower","Bathroom"
NA,NA,"Toilet","Bathroom"
NA,NA,"Basin","Bathroom"
NA,NA,"Door","Living"
NA,NA,"Door","Living"
NA,NA,"Basin","Bathroom"
NA,NA,"Door","Bedroom"
NA,NA,"Door","Bedroom"
NA,NA,"Door","Living"
NA,NA,"Door","Living"
NA,NA,"Door","Kitchen"
NA,NA,"Door","Kitchen"
NA,NA,"Door","Living"
NA,NA,"Seat","Living"
NA,NA,"Door","Living"
NA,NA,"Basin","Bathroom"
NA,NA,"Door","Living"
NA,NA,"Door","Living"
NA,NA,"Toilet","Bathroom"
NA,NA,"Basin","Bathroom"
NA,NA,"Door","Bedroom"
NA,NA,"Door","Bedroom"
NA,NA,"Maindoor","Entrance"
NA,NA,"Maindoor","Entrance"
NA,NA,"Door","Living"
NA,NA,"Door","Living"
NA,NA,"Toilet","Bathroom"
NA,NA,"Door","Living"
NA,NA,"Door","Living"
NA,NA,"Door","Kitchen"
NA,NA,"Fridge","Kitchen"
NA,NA,"Microwave","Kitchen"
NA,NA,"Microwave","Kitchen"
NA,NA,"Fridge","Kitchen"
NA,NA,"Door","Kitchen"
NA,NA,"Door","Living"
NA,NA,"Seat","Living"
NA,NA,"Door","Living"
NA,NA,"Door","Living"
NA,NA,"Door","Living"
NA,NA,"Door","Kitchen"
NA,NA,"Door","Kitchen"
NA,NA,"Door","Living"
NA,NA,"Seat","Living"
NA,NA,"Door","Living"
NA,NA,"Door","Living"
NA,NA,"Door","Living"
NA,NA,"Door","Kitchen"
NA,NA,"Microwave","Kitchen"
NA,NA,"Fridge","Kitchen"
NA,NA,"Cupboard","Kitchen"
NA,NA,"Door","Kitchen"
NA,NA,"Door","Living"
NA,NA,"Door","Living"
NA,NA,"Door","Kitchen"
NA,NA,"Door","Kitchen"
NA,NA,"Door","Living"
NA,NA,"Door","Living"
NA,NA,"Basin","Bathroom"
NA,NA,"Door","Living"
NA,NA,"Door","Living"
NA,NA,"Door","Kitchen"
NA,NA,"Fridge","Kitchen"
NA,NA,"Door","Kitchen"
NA,NA,"Door","Living"
NA,NA,"Seat","Living"
NA,NA,"Door","Living"
NA,NA,"Door","Kitchen"
NA,NA,"Door","Kitchen"
NA,NA,"Door","Living"
NA,NA,"Seat","Living"
NA,NA,"Door","Living"
NA,NA,"Toilet","Bathroom"
NA,NA,"Door","Bedroom"
NA,NA,"Bed","Bedroom"
NA,NA,"Door","Bedroom"
NA,NA,"Door","Living"
NA,NA,"Door","Living"
NA,NA,"Door","Kitchen"
NA,NA,"Door","Kitchen"
NA,NA,"Door","Living"
NA,NA,"Door","Living"
NA,NA,"Door","Bedroom"
NA,NA,"Door","Bedroom"
NA,NA,"Toilet","Bathroom"
NA,NA,"Door","Living"
NA,NA,"Door","Living"
NA,NA,"Door","Kitchen"
NA,NA,"Fridge","Kitchen"
NA,NA,"Door","Kitchen"
NA,NA,"Door","Living"
NA,NA,"Door","Living"
NA,NA,"Door","Bedroom"
NA,NA,"Door","Bedroom"
NA,NA,"Basin","Bathroom"
NA,NA,"Basin","Bathroom"
NA,NA,"Door","Kitchen"
NA,NA,"Fridge","Kitchen"
NA,NA,"Door","Kitchen"
NA,NA,"Door","Living"
NA,NA,"Seat","Living"
NA,NA,"Door","Living"
NA,NA,"Toilet","Bathroom"
NA,NA,"Door","Kitchen"
NA,NA,"Fridge","Kitchen"
NA,NA,"Door","Kitchen"
NA,NA,"Door","Living"
NA,NA,"Door","Living"
NA,NA,"Door","Kitchen"
NA,NA,"Door","Kitchen"
NA,NA,"Door","Living"
NA,NA,"Door","Living"
NA,NA,"Door","Kitchen"
NA,NA,"Door","Kitchen"
NA,NA,"Door","Living"
NA,NA,"Door","Living"
NA,NA,"Door","Living"
NA,NA,"Door","Living"
NA,NA,"Door","Kitchen"
NA,NA,"Cupboard","Kitchen"
NA,NA,"Door","Kitchen"
NA,NA,"Door","Living"
NA,NA,"Door","Living"
NA,NA,"Door","Kitchen"
NA,NA,"Fridge","Kitchen"
NA,NA,"Door","Kitchen"
NA,NA,"Door","Living"
NA,NA,"Door","Living"
NA,NA,"Door","Kitchen"
NA,NA,"Door","Kitchen"
NA,NA,"Door","Living"
NA,NA,"Seat","Living"
NA,NA,"Door","Living"
NA,NA,"Door","Kitchen"
NA,NA,"Door","Kitchen"
NA,NA,"Door","Living"
NA,NA,"Door","Living"
NA,NA,"Door","Kitchen"
NA,NA,"Door","Kitchen"
NA,NA,"Toilet","Bathroom"
NA,NA,"Door","Living"
NA,NA,"Door","Living"
NA,NA,"Maindoor","Entrance"
NA,NA,"Maindoor","Entrance"
NA,NA,"Door","Living"
NA,NA,"Seat","Living"
NA,NA,"Door","Living"
NA,NA,"Door","Living"
NA,NA,"Seat","Living"
NA,NA,"Door","Living"
NA,NA,"Door","Kitchen"
NA,NA,"Door","Kitchen"
NA,NA,"Door","Living"
NA,NA,"Seat","Living"
NA,NA,"Door","Living"
NA,NA,"Basin","Bathroom"
NA,NA,"Door","Living"
NA,NA,"Door","Living"
NA,NA,"Toilet","Bathroom"
NA,NA,"Basin","Bathroom"
NA,NA,"Door","Living"
NA,NA,"Door","Living"
NA,NA,"Door","Bedroom"
NA,NA,"Bed","Bedroom"
NA,NA,"Door","Bedroom"
NA,NA,"Toilet","Bathroom"
NA,NA,"Door","Living"
NA,NA,"Door","Living"
NA,NA,"Door","Kitchen"
NA,NA,"Fridge","Kitchen"
NA,NA,"Fridge","Kitchen"
NA,NA,"Fridge","Kitchen"
NA,NA,"Door","Kitchen"
NA,NA,"Door","Living"
NA,NA,"Seat","Living"
NA,NA,"Door","Living"
NA,NA,"Door","Living"
NA,NA,"Door","Living"
NA,NA,"Basin","Bathroom"
NA,NA,"Toilet","Bathroom"
NA,NA,"Basin","Bathroom"
NA,NA,"Maindoor","Entrance"
NA,NA,"Maindoor","Entrance"
NA,NA,"Door","Kitchen"
NA,NA,"Door","Kitchen"
NA,NA,"Door","Living"
NA,NA,"Seat","Living"
NA,NA,"Door","Living"
NA,NA,"Door","Kitchen"
NA,NA,"Door","Kitchen"
NA,NA,"Door","Living"
NA,NA,"Door","Living"
NA,NA,"Door","Bedroom"
NA,NA,"Door","Bedroom"
NA,NA,"Door","Living"
NA,NA,"Door","Living"
NA,NA,"Door","Bedroom"
NA,NA,"Door","Bedroom"
NA,NA,"Door","Living"
NA,NA,"Door","Living"
NA,NA,"Door","Kitchen"
NA,NA,"Door","Kitchen"
NA,NA,"Door","Living"
NA,NA,"Seat","Living"
NA,NA,"Door","Living"
NA,NA,"Door","Kitchen"
NA,NA,"Cupboard","Kitchen"
NA,NA,"Door","Kitchen"
NA,NA,"Door","Living"
NA,NA,"Door","Living"
NA,NA,"Door","Living"
NA,NA,"Door","Living"
NA,NA,"Door","Kitchen"
NA,NA,"Door","Kitchen"
NA,NA,"Door","Living"
NA,NA,"Door","Living"
NA,NA,"Door","Kitchen"
NA,NA,"Door","Kitchen"
NA,NA,"Door","Living"
NA,NA,"Door","Living"
NA,NA,"Door","Kitchen"
NA,NA,"Door","Kitchen"
NA,NA,"Door","Living"
NA,NA,"Seat","Living"
NA,NA,"Door","Living"
NA,NA,"Door","Kitchen"
NA,NA,"Fridge","Kitchen"
NA,NA,"Door","Kitchen"
NA,NA,"Door","Living"
NA,NA,"Seat","Living"
NA,NA,"Door","Living"
NA,NA,"Door","Living"
NA,NA,"Seat","Living"
NA,NA,"Door","Living"
NA,NA,"Door","Living"
NA,NA,"Door","Living"
NA,NA,"Door","Bedroom"
NA,NA,"Door","Bedroom"
NA,NA,"Door","Living"
NA,NA,"Door","Living"
NA,NA,"Door","Bedroom"
NA,NA,"Door","Bedroom"
NA,NA,"Door","Living"
NA,NA,"Door","Living"
NA,NA,"Toilet","Bathroom"
NA,NA,"Door","Bedroom"
NA,NA,"Door","Bedroom"
NA,NA,"Door","Living"
NA,NA,"Door","Living"
NA,NA,"Door","Kitchen"
NA,NA,"Door","Kitchen"
NA,NA,"Door","Living"
NA,NA,"Door","Living"
NA,NA,"Maindoor","Entrance"
NA,NA,"Maindoor","Entrance"
NA,NA,"Door","Kitchen"
NA,NA,"Fridge","Kitchen"
NA,NA,"Door","Kitchen"
NA,NA,"Door","Bedroom"
NA,NA,"Door","Bedroom"
NA,NA,"Basin","Bathroom"
NA,NA,"Door","Living"
NA,NA,"Door","Living"
NA,NA,"Door","Bedroom"
NA,NA,"Bed","Bedroom"
NA,NA,"Door","Bedroom"
NA,NA,"Door","Bedroom"
NA,NA,"Bed","Bedroom"
NA,NA,"Door","Bedroom"
NA,NA,"Toilet","Bathroom"
NA,NA,"Door","Living"
NA,NA,"Door","Living"
NA,NA,"Door","Kitchen"
NA,NA,"Fridge","Kitchen"
NA,NA,"Fridge","Kitchen"
NA,NA,"Cupboard","Kitchen"
NA,NA,"Door","Kitchen"
NA,NA,"Door","Living"
NA,NA,"Door","Living"
NA,NA,"Door","Bedroom"
NA,NA,"Door","Bedroom"
NA,NA,"Door","Kitchen"
NA,NA,"Cupboard","Kitchen"
NA,NA,"Door","Kitchen"
NA,NA,"Door","Living"
NA,NA,"Seat","Living"
NA,NA,"Door","Living"
NA,NA,"Door","Kitchen"
NA,NA,"Fridge","Kitchen"
NA,NA,"Door","Kitchen"
NA,NA,"Basin","Bathroom"
NA,NA,"Door","Living"
NA,NA,"Seat","Living"
NA,NA,"Door","Living"
NA,NA,"Door","Living"
NA,NA,"Door","Living"
NA,NA,"Door","Living"
NA,NA,"Seat","Living"
NA,NA,"Door","Living"
NA,NA,"Door","Kitchen"
NA,NA,"Door","Kitchen"
NA,NA,"Toilet","Bathroom"
NA,NA,"Door","Kitchen"
NA,NA,"Fridge","Kitchen"
NA,NA,"Door","Kitchen"
NA,NA,"Door","Living"
NA,NA,"Door","Living"
NA,NA,"Door","Kitchen"
NA,NA,"Fridge","Kitchen"
NA,NA,"Door","Kitchen"
NA,NA,"Door","Living"
NA,NA,"Door","Living"
NA,NA,"Door","Kitchen"
NA,NA,"Cupboard","Kitchen"
NA,NA,"Door","Kitchen"
NA,NA,"Door","Living"
NA,NA,"Seat","Living"
NA,NA,"Door","Living"
NA,NA,"Door","Kitchen"
NA,NA,"Fridge","Kitchen"
NA,NA,"Door","Kitchen"
NA,NA,"Door","Living"
NA,NA,"Seat","Living"
NA,NA,"Door","Living"
NA,NA,"Door","Kitchen"
NA,NA,"Door","Kitchen"
NA,NA,"Door","Living"
NA,NA,"Door","Living"
NA,NA,"Door","Kitchen"
NA,NA,"Door","Kitchen"
NA,NA,"Door","Living"
NA,NA,"Door","Living"
NA,NA,"Door","Bedroom"
NA,NA,"Door","Bedroom"
NA,NA,"Basin","Bathroom"
NA,NA,"Toilet","Bathroom"
NA,NA,"Door","Living"
NA,NA,"Door","Living"
NA,NA,"Door","Bedroom"
NA,NA,"Door","Bedroom"
NA,NA,"Door","Living"
NA,NA,"Door","Living"
NA,NA,"Maindoor","Entrance"
NA,NA,"Maindoor","Entrance"
NA,NA,"Door","Bedroom"
NA,NA,"Door","Bedroom"
NA,NA,"Door","Living"
NA,NA,"Door","Living"
NA,NA,"Door","Kitchen"
NA,NA,"Fridge","Kitchen"
NA,NA,"Door","Kitchen"
NA,NA,"Door","Bedroom"
NA,NA,"Door","Bedroom"
NA,NA,"Toilet","Bathroom"
NA,NA,"Basin","Bathroom"
NA,NA,"Door","Living"
NA,NA,"Door","Living"
NA,NA,"Door","Bedroom"
NA,NA,"Door","Bedroom"
NA,NA,"Door","Living"
NA,NA,"Seat","Living"
NA,NA,"Door","Living"
NA,NA,"Basin","Bathroom"
NA,NA,"Door","Bedroom"
NA,NA,"Bed","Bedroom"
NA,NA,"Door","Bedroom"
NA,NA,"Toilet","Bathroom"
NA,NA,"Door","Living"
NA,NA,"Door","Living"
NA,NA,"Door","Bedroom"
NA,NA,"Door","Bedroom"
NA,NA,"Door","Kitchen"
NA,NA,"Fridge","Kitchen"
NA,NA,"Door","Kitchen"
NA,NA,"Door","Living"
NA,NA,"Door","Living"
NA,NA,"Door","Kitchen"
NA,NA,"Door","Kitchen"
NA,NA,"Door","Living"
NA,NA,"Door","Living"
NA,NA,"Basin","Bathroom"
NA,NA,"Basin","Bathroom"
NA,NA,"Door","Bedroom"
NA,NA,"Door","Bedroom"
NA,NA,"Basin","Bathroom"
NA,NA,"Basin","Bathroom"
NA,NA,"Door","Bedroom"
NA,NA,"Door","Bedroom"
NA,NA,"Maindoor","Entrance"
NA,NA,"Maindoor","Entrance"
NA,NA,"Door","Kitchen"
NA,NA,"Door","Kitchen"
NA,NA,"Door","Bedroom"
NA,NA,"Door","Bedroom"
NA,NA,"Door","Living"
NA,NA,"Door","Living"
NA,NA,"Door","Kitchen"
NA,NA,"Fridge","Kitchen"
NA,NA,"Door","Kitchen"
NA,NA,"Door","Living"
NA,NA,"Door","Living"
NA,NA,"Door","Bedroom"
NA,NA,"Door","Bedroom"
NA,NA,"Basin","Bathroom"
NA,NA,"Door","Bedroom"
NA,NA,"Door","Bedroom"
NA,NA,"Door","Living"
NA,NA,"Seat","Living"
NA,NA,"Door","Living"
NA,NA,"Door","Kitchen"
NA,NA,"Door","Kitchen"
NA,NA,"Door","Living"
NA,NA,"Door","Living"
NA,NA,"Toilet","Bathroom"
NA,NA,"Door","Living"
NA,NA,"Door","Living"
NA,NA,"Door","Kitchen"
NA,NA,"Door","Kitchen"
NA,NA,"Door","Living"
NA,NA,"Door","Living"
NA,NA,"Door","Kitchen"
NA,NA,"Door","Kitchen"
NA,NA,"Door","Living"
NA,NA,"Seat","Living"
NA,NA,"Door","Living"
NA,NA,"Door","Kitchen"
NA,NA,"Door","Kitchen"
NA,NA,"Toilet","Bathroom"
NA,NA,"Door","Living"
NA,NA,"Door","Living"
NA,NA,"Door","Kitchen"
NA,NA,"Door","Kitchen"
NA,NA,"Door","Living"
NA,NA,"Seat","Living"
NA,NA,"Door","Living"
NA,NA,"Door","Kitchen"
NA,NA,"Fridge","Kitchen"
NA,NA,"Door","Kitchen"
NA,NA,"Door","Living"
NA,NA,"Door","Living"
NA,NA,"Door","Kitchen"
NA,NA,"Door","Kitchen"
NA,NA,"Door","Living"
NA,NA,"Seat","Living"
NA,NA,"Door","Living"
NA,NA,"Maindoor","Entrance"
NA,NA,"Maindoor","Entrance"
NA,NA,"Toilet","Bathroom"
NA,NA,"Door","Kitchen"
NA,NA,"Door","Kitchen"
NA,NA,"Door","Bedroom"
NA,NA,"Door","Bedroom"
NA,NA,"Door","Kitchen"
NA,NA,"Door","Kitchen"
NA,NA,"Door","Living"
NA,NA,"Seat","Living"
NA,NA,"Door","Living"
NA,NA,"Basin","Bathroom"
NA,NA,"Door","Bedroom"
NA,NA,"Bed","Bedroom"
NA,NA,"Door","Bedroom"
NA,NA,"Door","Living"
NA,NA,"Door","Living"
NA,NA,"Door","Kitchen"
NA,NA,"Fridge","Kitchen"
NA,NA,"Fridge","Kitchen"
NA,NA,"Door","Kitchen"
NA,NA,"Door","Living"
NA,NA,"Door","Living"
NA,NA,"Toilet","Bathroom"
NA,NA,"Door","Living"
NA,NA,"Seat","Living"
NA,NA,"Door","Living"
NA,NA,"Door","Kitchen"
NA,NA,"Fridge","Kitchen"
NA,NA,"Door","Kitchen"
NA,NA,"Door","Living"
NA,NA,"Door","Living"
NA,NA,"Door","Bedroom"
NA,NA,"Door","Bedroom"
NA,NA,"Shower","Bathroom"
NA,NA,"Basin","Bathroom"
NA,NA,"Basin","Bathroom"
NA,NA,"Door","Bedroom"
NA,NA,"Door","Bedroom"
NA,NA,"Basin","Bathroom"
NA,NA,"Toilet","Bathroom"
NA,NA,"Door","Bedroom"
NA,NA,"Door","Bedroom"
NA,NA,"Door","Living"
NA,NA,"Door","Living"
NA,NA,"Door","Kitchen"
NA,NA,"Door","Kitchen"
NA,NA,"Door","Living"
NA,NA,"Door","Living"
NA,NA,"Door","Kitchen"
NA,NA,"Door","Kitchen"
NA,NA,"Door","Living"
NA,NA,"Seat","Living"
NA,NA,"Door","Living"
NA,NA,"Door","Bedroom"
NA,NA,"Door","Bedroom"
NA,NA,"Door","Living"
NA,NA,"Door","Living"
NA,NA,"Door","Kitchen"
NA,NA,"Door","Kitchen"
NA,NA,"Door","Living"
NA,NA,"Door","Living"
NA,NA,"Door","Kitchen"
NA,NA,"Door","Kitchen"
NA,NA,"Door","Living"
NA,NA,"Door","Living"
NA,NA,"Door","Living"
NA,NA,"Door","Living"
NA,NA,"Door","Bedroom"
NA,NA,"Door","Bedroom"
NA,NA,"Basin","Bathroom"
NA,NA,"Door","Living"
NA,NA,"Door","Living"
NA,NA,"Maindoor","Entrance"
NA,NA,"Maindoor","Entrance"
NA,NA,"Door","Living"
NA,NA,"Door","Living"
NA,NA,"Door","Bedroom"
NA,NA,"Door","Bedroom"
NA,NA,"Toilet","Bathroom"
NA,NA,"Basin","Bathroom"
NA,NA,"Door","Living"
NA,NA,"Door","Living"
NA,NA,"Toilet","Bathroom"
NA,NA,"Basin","Bathroom"
NA,NA,"Door","Living"
NA,NA,"Seat","Living"
NA,NA,"Door","Living"
NA,NA,"Door","Kitchen"
NA,NA,"Fridge","Kitchen"
NA,NA,"Door","Kitchen"
NA,NA,"Door","Living"
NA,NA,"Door","Living"
NA,NA,"Door","Kitchen"
NA,NA,"Door","Kitchen"
NA,NA,"Door","Living"
NA,NA,"Door","Living"
NA,NA,"Door","Kitchen"
NA,NA,"Door","Kitchen"
NA,NA,"Door","Living"
NA,NA,"Door","Living"
NA,NA,"Door","Kitchen"
NA,NA,"Door","Kitchen"
NA,NA,"Door","Living"
NA,NA,"Door","Living"
NA,NA,"Door","Bedroom"
NA,NA,"Door","Bedroom"
NA,NA,"Door","Living"
NA,NA,"Door","Living"
NA,NA,"Door","Bedroom"
NA,NA,"Door","Bedroom"
NA,NA,"Door","Living"
NA,NA,"Door","Living"
NA,NA,"Toilet","Bathroom"
NA,NA,"Door","Bedroom"
NA,NA,"Door","Bedroom"
NA,NA,"Door","Living"
NA,NA,"Door","Living"
NA,NA,"Door","Kitchen"
NA,NA,"Fridge","Kitchen"
NA,NA,"Fridge","Kitchen"
NA,NA,"Door","Kitchen"
NA,NA,"Door","Living"
NA,NA,"Door","Living"
NA,NA,"Door","Kitchen"
NA,NA,"Fridge","Kitchen"
NA,NA,"Door","Kitchen"
NA,NA,"Door","Living"
NA,NA,"Seat","Living"
NA,NA,"Door","Living"
NA,NA,"Basin","Bathroom"
NA,NA,"Door","Living"
NA,NA,"Seat","Living"
NA,NA,"Door","Living"
NA,NA,"Door","Bedroom"
NA,NA,"Bed","Bedroom"
NA,NA,"Door","Bedroom"
NA,NA,"Toilet","Bathroom"
NA,NA,"Basin","Bathroom"
NA,NA,"Door","Living"
NA,NA,"Door","Living"
NA,NA,"Door","Kitchen"
NA,NA,"Door","Kitchen"
NA,NA,"Toilet","Bathroom"
NA,NA,"Basin","Bathroom"
NA,NA,"Toilet","Bathroom"
NA,NA,"Door","Bedroom"
NA,NA,"Door","Bedroom"
NA,NA,"Door","Kitchen"
NA,NA,"Fridge","Kitchen"
NA,NA,"Fridge","Kitchen"
NA,NA,"Door","Kitchen"
NA,NA,"Door","Bedroom"
NA,NA,"Door","Bedroom"
NA,NA,"Door","Living"
NA,NA,"Seat","Living"
NA,NA,"Door","Living"
NA,NA,"Door","Bedroom"
NA,NA,"Door","Bedroom"
NA,NA,"Maindoor","Entrance"
NA,NA,"Maindoor","Entrance"
NA,NA,"Toilet","Bathroom"
NA,NA,"Door","Bedroom"
NA,NA,"Door","Bedroom"
NA,NA,"Door","Living"
NA,NA,"Door","Living"
NA,NA,"Door","Kitchen"
NA,NA,"Door","Kitchen"
NA,NA,"Door","Living"
NA,NA,"Seat","Living"
NA,NA,"Door","Living"
NA,NA,"Door","Kitchen"
NA,NA,"Door","Kitchen"
NA,NA,"Door","Living"
NA,NA,"Door","Living"
NA,NA,"Door","Kitchen"
NA,NA,"Fridge","Kitchen"
NA,NA,"Fridge","Kitchen"
NA,NA,"Door","Kitchen"
NA,NA,"Door","Living"
NA,NA,"Door","Living"
NA,NA,"Door","Kitchen"
NA,NA,"Door","Kitchen"
NA,NA,"Door","Living"
NA,NA,"Door","Living"
NA,NA,"Door","Kitchen"
NA,NA,"Fridge","Kitchen"
NA,NA,"Door","Kitchen"
NA,NA,"Door","Living"
NA,NA,"Door","Living"
NA,NA,"Door","Bedroom"
NA,NA,"Door","Bedroom"
NA,NA,"Door","Living"
NA,NA,"Door","Living"
NA,NA,"Maindoor","Entrance"
NA,NA,"Maindoor","Entrance"
NA,NA,"Door","Living"
NA,NA,"Door","Living"
NA,NA,"Toilet","Bathroom"
NA,NA,"Door","Living"
NA,NA,"Seat","Living"
NA,NA,"Door","Living"
NA,NA,"Door","Kitchen"
NA,NA,"Door","Kitchen"
NA,NA,"Door","Living"
NA,NA,"Door","Living"
NA,NA,"Door","Kitchen"
NA,NA,"Door","Kitchen"
NA,NA,"Door","Living"
NA,NA,"Door","Living"
NA,NA,"Door","Kitchen"
NA,NA,"Fridge","Kitchen"
NA,NA,"Door","Kitchen"
NA,NA,"Door","Living"
NA,NA,"Seat","Living"
NA,NA,"Door","Living"
NA,NA,"Door","Kitchen"
NA,NA,"Door","Kitchen"
NA,NA,"Door","Living"
NA,NA,"Door","Living"
NA,NA,"Door","Kitchen"
NA,NA,"Door","Kitchen"
NA,NA,"Door","Living"
NA,NA,"Seat","Living"
NA,NA,"Door","Living"
NA,NA,"Door","Bedroom"
NA,NA,"Door","Bedroom"
NA,NA,"Door","Living"
NA,NA,"Seat","Living"
NA,NA,"Door","Living"
NA,NA,"Door","Kitchen"
NA,NA,"Door","Kitchen"
NA,NA,"Toilet","Bathroom"
NA,NA,"Door","Bedroom"
NA,NA,"Bed","Bedroom"
NA,NA,"Door","Bedroom"
NA,NA,"Toilet","Bathroom"
NA,NA,"Door","Bedroom"
NA,NA,"Bed","Bedroom"
NA,NA,"Door","Bedroom"
NA,NA,"Toilet","Bathroom"
NA,NA,"Door","Living"
NA,NA,"Door","Living"
NA,NA,"Door","Kitchen"
NA,NA,"Fridge","Kitchen"
NA,NA,"Fridge","Kitchen"
NA,NA,"Door","Kitchen"
NA,NA,"Door","Bedroom"
NA,NA,"Door","Bedroom"
NA,NA,"Door","Kitchen"
NA,NA,"Door","Kitchen"
NA,NA,"Door","Bedroom"
NA,NA,"Door","Bedroom"
NA,NA,"Shower","Bathroom"
NA,NA,"Basin","Bathroom"
NA,NA,"Door","Bedroom"
NA,NA,"Door","Bedroom"
NA,NA,"Basin","Bathroom"
NA,NA,"Toilet","Bathroom"
NA,NA,"Door","Bedroom"
NA,NA,"Door","Bedroom"
NA,NA,"Maindoor","Entrance"
NA,NA,"Maindoor","Entrance"
NA,NA,"Door","Kitchen"
NA,NA,"Fridge","Kitchen"
NA,NA,"Door","Kitchen"
NA,NA,"Door","Living"
NA,NA,"Door","Living"
NA,NA,"Door","Kitchen"
NA,NA,"Door","Kitchen"
NA,NA,"Door","Living"
NA,NA,"Seat","Living"
NA,NA,"Door","Living"
NA,NA,"Door","Kitchen"
NA,NA,"Door","Kitchen"
NA,NA,"Door","Living"
NA,NA,"Seat","Living"
NA,NA,"Door","Living"
NA,NA,"Maindoor","Entrance"
NA,NA,"Maindoor","Entrance"
NA,NA,"Toilet","Bathroom"
NA,NA,"Door","Living"
NA,NA,"Door","Living"
NA,NA,"Door","Kitchen"
NA,NA,"Door","Kitchen"
NA,NA,"Door","Living"
NA,NA,"Seat","Living"
NA,NA,"Door","Living"
NA,NA,"Door","Kitchen"
NA,NA,"Door","Kitchen"
NA,NA,"Door","Living"
NA,NA,"Door","Living"
NA,NA,"Door","Kitchen"
NA,NA,"Door","Kitchen"
NA,NA,"Door","Bedroom"
NA,NA,"Door","Bedroom"
NA,NA,"Door","Living"
NA,NA,"Door","Living"
NA,NA,"Maindoor","Entrance"
NA,NA,"Maindoor","Entrance"
NA,NA,"Door","Kitchen"
NA,NA,"Door","Kitchen"
NA,NA,"Door","Living"
NA,NA,"Door","Living"
NA,NA,"Door","Bedroom"
NA,NA,"Door","Bedroom"
NA,NA,"Basin","Bathroom"
NA,NA,"Toilet","Bathroom"
NA,NA,"Basin","Bathroom"
NA,NA,"Door","Bedroom"
NA,NA,"Bed","Bedroom"
NA,NA,"Door","Bedroom"
NA,NA,"Toilet","Bathroom"
NA,NA,"Door","Living"
NA,NA,"Door","Living"
NA,NA,"Door","Kitchen"
NA,NA,"Fridge","Kitchen"
NA,NA,"Fridge","Kitchen"
NA,NA,"Door","Kitchen"
NA,NA,"Door","Living"
NA,NA,"Door","Living"
NA,NA,"Door","Bedroom"
NA,NA,"Door","Bedroom"
NA,NA,"Door","Kitchen"
NA,NA,"Door","Kitchen"
NA,NA,"Door","Bedroom"
NA,NA,"Door","Bedroom"
NA,NA,"Door","Living"
NA,NA,"Seat","Living"
NA,NA,"Door","Living"
NA,NA,"Door","Kitchen"
NA,NA,"Door","Kitchen"
NA,NA,"Door","Living"
NA,NA,"Door","Living"
NA,NA,"Basin","Bathroom"
NA,NA,"Door","Kitchen"
NA,NA,"Fridge","Kitchen"
NA,NA,"Door","Kitchen"
NA,NA,"Door","Bedroom"
NA,NA,"Door","Bedroom"
NA,NA,"Door","Living"
NA,NA,"Seat","Living"
NA,NA,"Door","Living"
NA,NA,"Door","Kitchen"
NA,NA,"Door","Kitchen"
NA,NA,"Toilet","Bathroom"
NA,NA,"Door","Living"
NA,NA,"Seat","Living"
NA,NA,"Door","Living"
NA,NA,"Door","Kitchen"
NA,NA,"Door","Kitchen"
NA,NA,"Door","Living"
NA,NA,"Door","Living"
NA,NA,"Door","Bedroom"
NA,NA,"Door","Bedroom"
NA,NA,"Door","Living"
NA,NA,"Door","Living"
NA,NA,"Basin","Bathroom"
NA,NA,"Shower","Bathroom"
NA,NA,"Basin","Bathroom"
NA,NA,"Door","Living"
NA,NA,"Door","Living"
NA,NA,"Door","Bedroom"
NA,NA,"Door","Bedroom"
NA,NA,"Door","Living"
NA,NA,"Seat","Living"
NA,NA,"Door","Living"
NA,NA,"Door","Bedroom"
NA,NA,"Door","Bedroom"
NA,NA,"Door","Living"
NA,NA,"Door","Living"
NA,NA,"Maindoor","Entrance"
NA,NA,"Maindoor","Entrance"
NA,NA,"Door","Kitchen"
NA,NA,"Door","Kitchen"
NA,NA,"Door","Living"
NA,NA,"Seat","Living"
NA,NA,"Door","Living"
NA,NA,"Door","Bedroom"
NA,NA,"Door","Bedroom"
NA,NA,"Door","Kitchen"
NA,NA,"Door","Kitchen"
NA,NA,"Door","Living"
NA,NA,"Door","Living"
NA,NA,"Door","Kitchen"
NA,NA,"Door","Kitchen"
NA,NA,"Door","Living"
NA,NA,"Door","Living"
NA,NA,"Door","Living"
NA,NA,"Door","Living"
NA,NA,"Door","Kitchen"
NA,NA,"Fridge","Kitchen"
NA,NA,"Door","Kitchen"
NA,NA,"Door","Living"
NA,NA,"Seat","Living"
NA,NA,"Door","Living"
NA,NA,"Door","Kitchen"
NA,NA,"Door","Kitchen"
NA,NA,"Door","Living"
NA,NA,"Door","Living"
NA,NA,"Basin","Bathroom"
NA,NA,"Toilet","Bathroom"
NA,NA,"Basin","Bathroom"
NA,NA,"Door","Living"
NA,NA,"Door","Living"
NA,NA,"Maindoor","Entrance"
NA,NA,"Maindoor","Entrance"
NA,NA,"Door","Living"
NA,NA,"Door","Living"
NA,NA,"Door","Bedroom"
NA,NA,"Door","Bedroom"
NA,NA,"Basin","Bathroom"
NA,NA,"Door","Bedroom"
NA,NA,"Door","Bedroom"
NA,NA,"Toilet","Bathroom"
NA,NA,"Door","Living"
NA,NA,"Door","Living"
NA,NA,"Door","Bedroom"
NA,NA,"Bed","Bedroom"
NA,NA,"Door","Bedroom"
NA,NA,"Toilet","Bathroom"
NA,NA,"Door","Bedroom"
NA,NA,"Door","Bedroom"
NA,NA,"Door","Living"
NA,NA,"Door","Living"
NA,NA,"Door","Kitchen"
NA,NA,"Fridge","Kitchen"
NA,NA,"Fridge","Kitchen"
NA,NA,"Door","Kitchen"
NA,NA,"Door","Living"
NA,NA,"Door","Living"
NA,NA,"Door","Kitchen"
NA,NA,"Fridge","Kitchen"
NA,NA,"Door","Kitchen"
NA,NA,"Basin","Bathroom"
NA,NA,"Door","Bedroom"
NA,NA,"Door","Bedroom"
NA,NA,"Basin","Bathroom"
NA,NA,"Toilet","Bathroom"
NA,NA,"Basin","Bathroom"
NA,NA,"Door","Bedroom"
NA,NA,"Door","Bedroom"
NA,NA,"Door","Kitchen"
NA,NA,"Door","Kitchen"
NA,NA,"Door","Living"
NA,NA,"Seat","Living"
NA,NA,"Door","Living"
NA,NA,"Door","Bedroom"
NA,NA,"Door","Bedroom"
NA,NA,"Door","Kitchen"
NA,NA,"Door","Kitchen"
NA,NA,"Door","Living"
NA,NA,"Seat","Living"
NA,NA,"Door","Living"
NA,NA,"Maindoor","Entrance"
NA,NA,"Maindoor","Entrance"
NA,NA,"Door","Kitchen"
NA,NA,"Fridge","Kitchen"
NA,NA,"Door","Kitchen"
NA,NA,"Door","Kitchen"
NA,NA,"Door","Kitchen"
NA,NA,"Door","Kitchen"
NA,NA,"Door","Kitchen"
NA,NA,"Door","Living"
NA,NA,"Door","Living"
NA,NA,"Door","Kitchen"
NA,NA,"Door","Kitchen"
NA,NA,"Door","Living"
NA,NA,"Seat","Living"
NA,NA,"Door","Living"
NA,NA,"Door","Kitchen"
NA,NA,"Fridge","Kitchen"
NA,NA,"Door","Kitchen"
NA,NA,"Door","Living"
NA,NA,"Door","Living"
NA,NA,"Door","Living"
NA,NA,"Seat","Living"
NA,NA,"Door","Living"
NA,NA,"Toilet","Bathroom"
NA,NA,"Basin","Bathroom"
NA,NA,"Door","Living"
NA,NA,"Door","Living"
NA,NA,"Toilet","Bathroom"
NA,NA,"Basin","Bathroom"
NA,NA,"Maindoor","Entrance"
NA,NA,"Maindoor","Entrance"
NA,NA,"Door","Living"
NA,NA,"Seat","Living"
NA,NA,"Door","Living"
NA,NA,"Toilet","Bathroom"
NA,NA,"Door","Living"
NA,NA,"Seat","Living"
NA,NA,"Door","Living"
NA,NA,"Door","Kitchen"
NA,NA,"Fridge","Kitchen"
NA,NA,"Door","Kitchen"
NA,NA,"Door","Bedroom"
NA,NA,"Door","Bedroom"
NA,NA,"Door","Living"
NA,NA,"Door","Living"
NA,NA,"Door","Bedroom"
NA,NA,"Door","Bedroom"
NA,NA,"Maindoor","Entrance"
NA,NA,"Maindoor","Entrance"
NA,NA,"Door","Kitchen"
NA,NA,"Fridge","Kitchen"
NA,NA,"Fridge","Kitchen"
NA,NA,"Door","Kitchen"
NA,NA,"Door","Living"
NA,NA,"Door","Living"
NA,NA,"Door","Bedroom"
NA,NA,"Door","Bedroom"
NA,NA,"Door","Living"
NA,NA,"Seat","Living"
NA,NA,"Door","Living"
NA,NA,"Door","Kitchen"
NA,NA,"Door","Kitchen"
NA,NA,"Door","Living"
NA,NA,"Door","Living"
NA,NA,"Door","Kitchen"
NA,NA,"Door","Kitchen"
NA,NA,"Door","Living"
NA,NA,"Door","Living"
NA,NA,"Door","Bedroom"
NA,NA,"Door","Bedroom"
NA,NA,"Toilet","Bathroom"
NA,NA,"Door","Living"
NA,NA,"Door","Living"
NA,NA,"Basin","Bathroom"
NA,NA,"Door","Bedroom"
NA,NA,"Door","Bedroom"
NA,NA,"Door","Living"
NA,NA,"Door","Living"
NA,NA,"Basin","Bathroom"
NA,NA,"Door","Bedroom"
NA,NA,"Bed","Bedroom"
NA,NA,"Door","Bedroom"
NA,NA,"Basin","Bathroom"
NA,NA,"Door","Bedroom"
NA,NA,"Bed","Bedroom"
NA,NA,"Door","Bedroom"
NA,NA,"Door","Living"
NA,NA,"Door","Living"
NA,NA,"Door","Kitchen"
NA,NA,"Fridge","Kitchen"
NA,NA,"Fridge","Kitchen"
NA,NA,"Fridge","Kitchen"
NA,NA,"Door","Kitchen"
NA,NA,"Door","Bedroom"
NA,NA,"Door","Bedroom"
NA,NA,"Toilet","Bathroom"
NA,NA,"Door","Kitchen"
NA,NA,"Door","Kitchen"
NA,NA,"Door","Living"
NA,NA,"Door","Living"
NA,NA,"Door","Bedroom"
NA,NA,"Door","Bedroom"
NA,NA,"Basin","Bathroom"
NA,NA,"Door","Living"
NA,NA,"Door","Living"
NA,NA,"Basin","Bathroom"
NA,NA,"Door","Bedroom"
NA,NA,"Door","Bedroom"
NA,NA,"Basin","Bathroom"
NA,NA,"Door","Living"
NA,NA,"Door","Living"
NA,NA,"Basin","Bathroom"
NA,NA,"Toilet","Bathroom"
NA,NA,"Door","Bedroom"
NA,NA,"Door","Bedroom"
NA,NA,"Maindoor","Entrance"
NA,NA,"Maindoor","Entrance"
NA,NA,"Door","Living"
NA,NA,"Door","Living"
NA,NA,"Door","Bedroom"
NA,NA,"Door","Bedroom"
NA,NA,"Door","Kitchen"
NA,NA,"Door","Kitchen"
NA,NA,"Door","Living"
NA,NA,"Door","Living"
NA,NA,"Door","Kitchen"
NA,NA,"Fridge","Kitchen"
NA,NA,"Door","Kitchen"
NA,NA,"Door","Living"
NA,NA,"Door","Living"
NA,NA,"Door","Bedroom"
NA,NA,"Door","Bedroom"
NA,NA,"Door","Living"
NA,NA,"Door","Living"
NA,NA,"Door","Kitchen"
NA,NA,"Door","Kitchen"
NA,NA,"Door","Living"
NA,NA,"Seat","Living"
NA,NA,"Door","Living"
NA,NA,"Door","Kitchen"
NA,NA,"Door","Kitchen"
NA,NA,"Door","Living"
NA,NA,"Door","Living"
NA,NA,"Door","Kitchen"
NA,NA,"Door","Kitchen"
NA,NA,"Door","Living"
NA,NA,"Door","Living"
NA,NA,"Door","Kitchen"
NA,NA,"Door","Kitchen"
NA,NA,"Door","Living"
NA,NA,"Door","Living"
NA,NA,"Toilet","Bathroom"
NA,NA,"Basin","Bathroom"
NA,NA,"Door","Living"
NA,NA,"Door","Living"
NA,NA,"Door","Kitchen"
NA,NA,"Door","Kitchen"
NA,NA,"Door","Living"
NA,NA,"Seat","Living"
NA,NA,"Door","Living"
NA,NA,"Door","Kitchen"
NA,NA,"Fridge","Kitchen"
NA,NA,"Door","Kitchen"
NA,NA,"Door","Living"
NA,NA,"Door","Living"
NA,NA,"Door","Kitchen"
NA,NA,"Door","Kitchen"
NA,NA,"Door","Living"
NA,NA,"Door","Living"
NA,NA,"Door","Living"
NA,NA,"Seat","Living"
NA,NA,"Door","Living"
NA,NA,"Door","Living"
NA,NA,"Seat","Living"
NA,NA,"Door","Living"
NA,NA,"Toilet","Bathroom"
NA,NA,"Basin","Bathroom"
NA,NA,"Door","Bedroom"
NA,NA,"Door","Bedroom"
NA,NA,"Door","Living"
NA,NA,"Seat","Living"
NA,NA,"Door","Living"
NA,NA,"Door","Kitchen"
NA,NA,"Door","Kitchen"
NA,NA,"Door","Living"
NA,NA,"Door","Living"
NA,NA,"Door","Kitchen"
NA,NA,"Door","Kitchen"
NA,NA,"Door","Living"
NA,NA,"Door","Living"
NA,NA,"Door","Kitchen"
NA,NA,"Door","Kitchen"
NA,NA,"Door","Living"
NA,NA,"Door","Living"
NA,NA,"Door","Kitchen"
NA,NA,"Door","Kitchen"
NA,NA,"Door","Living"
NA,NA,"Door","Living"
NA,NA,"Door","Kitchen"
NA,NA,"Fridge","Kitchen"
NA,NA,"Door","Kitchen"
NA,NA,"Door","Living"
NA,NA,"Door","Living"
NA,NA,"Door","Bedroom"
NA,NA,"Door","Bedroom"
NA,NA,"Door","Living"
NA,NA,"Door","Living"
NA,NA,"Door","Kitchen"
NA,NA,"Door","Kitchen"
NA,NA,"Door","Living"
NA,NA,"Door","Living"
NA,NA,"Door","Bedroom"
NA,NA,"Door","Bedroom"
NA,NA,"Door","Living"
NA,NA,"Door","Living"
NA,NA,"Door","Living"
NA,NA,"Door","Living"
NA,NA,"Toilet","Bathroom"
NA,NA,"Door","Bedroom"
NA,NA,"Bed","Bedroom"
NA,NA,"Door","Bedroom"
NA,NA,"Door","Bedroom"
NA,NA,"Bed","Bedroom"
NA,NA,"Door","Bedroom"
NA,NA,"Toilet","Bathroom"
NA,NA,"Door","Living"
NA,NA,"Door","Living"
NA,NA,"Basin","Bathroom"
NA,NA,"Door","Living"
NA,NA,"Door","Living"
NA,NA,"Door","Kitchen"
NA,NA,"Door","Kitchen"
NA,NA,"Door","Bedroom"
NA,NA,"Door","Bedroom"
NA,NA,"Door","Living"
NA,NA,"Door","Living"
NA,NA,"Door","Kitchen"
NA,NA,"Fridge","Kitchen"
NA,NA,"Fridge","Kitchen"
NA,NA,"Fridge","Kitchen"
NA,NA,"Fridge","Kitchen"
NA,NA,"Cupboard","Kitchen"
NA,NA,"Door","Kitchen"
NA,NA,"Door","Living"
NA,NA,"Door","Living"
NA,NA,"Door","Bedroom"
NA,NA,"Door","Bedroom"
NA,NA,"Door","Kitchen"
NA,NA,"Fridge","Kitchen"
NA,NA,"Door","Kitchen"
NA,NA,"Door","Living"
NA,NA,"Door","Living"
NA,NA,"Basin","Bathroom"
NA,NA,"Shower","Bathroom"
NA,NA,"Basin","Bathroom"
NA,NA,"Door","Living"
NA,NA,"Seat","Living"
NA,NA,"Door","Living"
NA,NA,"Basin","Bathroom"
NA,NA,"Door","Bedroom"
NA,NA,"Door","Bedroom"
NA,NA,"Door","Living"
NA,NA,"Door","Living"
NA,NA,"Door","Kitchen"
NA,NA,"Door","Kitchen"
NA,NA,"Door","Living"
NA,NA,"Door","Living"
NA,NA,"Toilet","Bathroom"
NA,NA,"Basin","Bathroom"
NA,NA,"Door","Living"
NA,NA,"Seat","Living"
NA,NA,"Door","Living"
NA,NA,"Door","Kitchen"
NA,NA,"Door","Kitchen"
NA,NA,"Door","Living"
NA,NA,"Door","Living"
NA,NA,"Door","Kitchen"
NA,NA,"Door","Kitchen"
NA,NA,"Door","Living"
NA,NA,"Door","Living"
NA,NA,"Door","Kitchen"
NA,NA,"Fridge","Kitchen"
NA,NA,"Fridge","Kitchen"
NA,NA,"Door","Kitchen"
NA,NA,"Door","Living"
NA,NA,"Door","Living"
NA,NA,"Door","Kitchen"
NA,NA,"Door","Kitchen"
NA,NA,"Door","Living"
NA,NA,"Seat","Living"
NA,NA,"Door","Living"
NA,NA,"Door","Kitchen"
NA,NA,"Fridge","Kitchen"
NA,NA,"Door","Kitchen"
NA,NA,"Toilet","Bathroom"
NA,NA,"Door","Kitchen"
NA,NA,"Door","Kitchen"
NA,NA,"Door","Living"
NA,NA,"Seat","Living"
NA,NA,"Door","Living"
NA,NA,"Door","Kitchen"
NA,NA,"Door","Kitchen"
NA,NA,"Door","Living"
NA,NA,"Seat","Living"
NA,NA,"Door","Living"
NA,NA,"Door","Kitchen"
NA,NA,"Fridge","Kitchen"
NA,NA,"Door","Kitchen"
NA,NA,"Door","Living"
NA,NA,"Door","Living"
NA,NA,"Door","Kitchen"
NA,NA,"Door","Kitchen"
NA,NA,"Door","Living"
NA,NA,"Door","Living"
NA,NA,"Door","Kitchen"
NA,NA,"Door","Kitchen"
NA,NA,"Door","Living"
NA,NA,"Door","Living"
NA,NA,"Door","Kitchen"
NA,NA,"Door","Kitchen"
NA,NA,"Door","Living"
NA,2018-02-12 00:04:58,"Seat","Living"
2018-02-12 00:05:46,2018-02-12 00:05:50,"Door","Living"
2018-02-12 00:06:01,2018-02-12 00:06:05,"Door","Kitchen"
2018-02-12 00:08:19,2018-02-12 00:08:22,"Door","Kitchen"
2018-02-12 00:08:38,2018-02-12 00:08:42,"Door","Bedroom"
2018-02-12 00:10:10,2018-02-12 00:10:12,"Door","Bedroom"
2018-02-12 00:10:20,2018-02-12 00:11:26,"Basin","Bathroom"
2018-02-12 00:12:20,2018-02-12 00:12:23,"Door","Bedroom"
2018-02-12 00:13:51,2018-02-12 00:13:54,"Door","Bedroom"
2018-02-12 00:15:14,2018-02-12 00:16:11,"Toilet","Bathroom"
2018-02-12 00:16:18,2018-02-12 00:16:21,"Basin","Bathroom"
2018-02-12 00:16:59,2018-02-12 00:17:02,"Door","Living"
2018-02-12 00:17:34,2018-02-12 00:17:36,"Door","Living"
2018-02-12 00:18:00,2018-02-12 00:18:02,"Door","Bedroom"
2018-02-12 00:18:49,2018-02-12 09:40:31,"Bed","Bedroom"
2018-02-12 09:40:40,2018-02-12 09:40:43,"Door","Bedroom"
2018-02-12 09:46:39,2018-02-12 09:47:37,"Toilet","Bathroom"
2018-02-12 09:47:13,2018-02-12 09:47:15,"Door","Bedroom"
2018-02-12 09:47:26,2018-02-12 09:47:29,"Door","Bedroom"
2018-02-12 09:48:54,2018-02-12 09:48:57,"Door","Living"
2018-02-12 09:50:13,2018-02-12 09:50:16,"Door","Living"
2018-02-12 09:50:28,2018-02-12 09:50:30,"Door","Kitchen"
2018-02-12 10:09:46,2018-02-12 10:09:50,"Door","Kitchen"
2018-02-12 10:10:06,2018-02-12 10:10:09,"Door","Living"
2018-02-12 10:11:49,2018-02-12 10:11:52,"Door","Living"
2018-02-12 10:18:11,2018-02-12 10:18:14,"Door","Bedroom"
2018-02-12 10:23:19,2018-02-12 10:23:21,"Door","Bedroom"
2018-02-12 10:23:26,2018-02-12 10:23:29,"Door","Living"
2018-02-12 10:27:21,2018-02-12 10:27:24,"Door","Living"
2018-02-12 10:27:28,2018-02-12 10:27:31,"Door","Bedroom"
2018-02-12 10:28:28,2018-02-12 10:28:30,"Door","Bedroom"
2018-02-12 10:28:33,2018-02-12 10:28:36,"Door","Living"
2018-02-12 10:31:08,2018-02-12 10:31:11,"Door","Living"
2018-02-12 10:31:13,2018-02-12 10:31:17,"Door","Bedroom"
2018-02-12 10:32:02,2018-02-12 10:32:05,"Door","Bedroom"
2018-02-12 10:32:39,2018-02-12 10:32:43,"Door","Living"
2018-02-12 10:32:51,2018-02-12 10:32:53,"Door","Living"
2018-02-12 10:33:13,2018-02-12 10:33:17,"Door","Bedroom"
2018-02-12 10:33:43,2018-02-12 10:33:45,"Door","Bedroom"
2018-02-12 10:34:30,2018-02-12 10:36:56,"Basin","Bathroom"
2018-02-12 10:37:12,2018-02-12 10:43:43,"Shower","Bathroom"
2018-02-12 10:45:29,2018-02-12 10:48:03,"Basin","Bathroom"
2018-02-12 10:52:51,2018-02-12 10:52:55,"Door","Bedroom"
2018-02-12 10:52:57,2018-02-12 10:52:59,"Door","Bedroom"
2018-02-12 10:53:01,2018-02-12 10:53:04,"Door","Living"
2018-02-12 10:53:12,2018-02-12 10:53:15,"Door","Living"
2018-02-12 10:54:06,2018-02-12 10:54:10,"Basin","Bathroom"
2018-02-12 10:54:36,2018-02-12 10:54:39,"Door","Living"
2018-02-12 11:15:04,2018-02-12 11:15:24,"Door","Living"
2018-02-12 11:15:47,2018-02-12 11:15:51,"Door","Bedroom"
2018-02-12 11:20:06,2018-02-12 11:20:09,"Door","Bedroom"
2018-02-12 11:21:00,2018-02-12 11:21:02,"Door","Living"
2018-02-12 11:21:14,2018-02-12 11:21:17,"Door","Living"
2018-02-12 11:21:26,2018-02-12 11:21:28,"Door","Kitchen"
2018-02-12 11:24:25,2018-02-12 11:24:27,"Door","Kitchen"
2018-02-12 11:24:37,2018-02-12 11:24:40,"Door","Living"
2018-02-12 11:29:24,2018-02-12 11:29:26,"Door","Living"
2018-02-12 11:29:35,2018-02-12 11:29:37,"Door","Kitchen"
2018-02-12 11:35:37,2018-02-12 11:35:56,"Fridge","Kitchen"
2018-02-12 11:36:00,2018-02-12 11:36:02,"Door","Kitchen"
2018-02-12 11:55:17,2018-02-12 11:55:19,"Door","Kitchen"
2018-02-12 12:01:11,2018-02-12 12:01:15,"Door","Kitchen"
2018-02-12 12:14:43,2018-02-12 12:14:46,"Door","Living"
2018-02-12 12:15:01,2018-02-12 12:15:03,"Door","Living"
2018-02-12 12:15:13,2018-02-12 12:15:15,"Door","Kitchen"
2018-02-12 12:15:42,2018-02-12 12:15:45,"Door","Kitchen"
2018-02-12 12:16:05,2018-02-12 12:16:11,"Maindoor","Entrance"
2018-02-12 12:49:27,2018-02-12 12:49:33,"Maindoor","Entrance"
2018-02-12 12:50:30,2018-02-12 12:50:32,"Door","Bedroom"
2018-02-12 12:51:34,2018-02-12 12:51:36,"Door","Bedroom"
2018-02-12 12:52:11,2018-02-12 12:53:15,"Toilet","Bathroom"
2018-02-12 12:52:28,2018-02-12 12:52:33,"Door","Living"
2018-02-12 12:53:49,2018-02-12 12:53:51,"Door","Living"
2018-02-12 13:00:13,2018-02-12 13:00:15,"Door","Kitchen"
2018-02-12 13:20:17,2018-02-12 13:20:19,"Door","Kitchen"
2018-02-12 13:37:30,2018-02-12 13:37:33,"Door","Kitchen"
2018-02-12 11:39:17,2018-02-12 11:41:11,"Fridge","Kitchen"
2018-02-12 14:10:47,2018-02-12 14:10:49,"Door","Kitchen"
2018-02-12 14:11:01,2018-02-12 14:11:04,"Door","Living"
2018-02-12 14:31:45,2018-02-12 14:31:49,"Door","Living"
2018-02-12 14:32:09,2018-02-12 14:32:11,"Door","Kitchen"
2018-02-12 14:36:06,2018-02-12 14:36:10,"Door","Kitchen"
2018-02-12 14:36:19,2018-02-12 14:36:24,"Door","Living"
2018-02-12 14:38:09,2018-02-12 14:38:12,"Door","Living"
2018-02-12 14:38:22,2018-02-12 14:38:24,"Door","Kitchen"
2018-02-12 14:39:47,2018-02-12 14:39:48,"Door","Kitchen"
2018-02-12 14:40:48,2018-02-12 14:40:51,"Door","Living"
2018-02-12 15:07:46,2018-02-12 15:07:50,"Door","Living"
2018-02-12 15:08:00,2018-02-12 15:08:01,"Door","Kitchen"
2018-02-12 15:08:05,2018-02-12 15:08:07,"Door","Kitchen"
2018-02-12 15:08:17,2018-02-12 15:08:20,"Door","Living"
2018-02-12 15:08:33,2018-02-12 15:08:35,"Door","Living"
2018-02-12 15:08:44,2018-02-12 15:08:46,"Door","Kitchen"
2018-02-12 15:25:21,2018-02-12 15:25:26,"Door","Kitchen"
2018-02-12 15:25:31,2018-02-12 15:25:35,"Door","Living"
2018-02-12 15:26:12,2018-02-12 15:26:15,"Door","Living"
2018-02-12 15:26:48,2018-02-12 15:26:51,"Door","Kitchen"
2018-02-12 15:28:40,2018-02-12 15:28:44,"Door","Kitchen"
2018-02-12 15:28:54,2018-02-12 15:28:57,"Door","Living"
2018-02-12 15:29:13,2018-02-12 15:29:16,"Door","Living"
2018-02-12 15:29:26,2018-02-12 15:29:28,"Door","Kitchen"
2018-02-12 15:29:49,2018-02-12 15:29:50,"Door","Kitchen"
2018-02-12 15:30:00,2018-02-12 15:30:03,"Door","Living"
2018-02-12 15:32:52,2018-02-12 15:32:55,"Door","Living"
2018-02-12 15:33:03,2018-02-12 15:33:05,"Door","Kitchen"
2018-02-12 15:34:21,2018-02-12 15:34:25,"Door","Kitchen"
2018-02-12 15:34:38,2018-02-12 15:34:42,"Door","Living"
2018-02-12 15:48:54,2018-02-12 15:48:58,"Door","Living"
2018-02-12 15:49:11,2018-02-12 15:49:14,"Door","Kitchen"
2018-02-12 15:53:43,2018-02-12 15:53:47,"Fridge","Kitchen"
2018-02-12 15:53:57,2018-02-12 15:53:59,"Door","Kitchen"
2018-02-12 15:54:10,2018-02-12 15:54:13,"Door","Living"
2018-02-12 16:48:18,2018-02-12 16:48:59,"Door","Living"
2018-02-12 16:49:12,2018-02-12 16:49:15,"Door","Kitchen"
2018-02-12 16:52:23,2018-02-12 16:52:25,"Door","Kitchen"
2018-02-12 16:53:06,2018-02-12 16:53:09,"Door","Living"
2018-02-12 18:28:31,2018-02-12 18:28:39,"Door","Living"
2018-02-12 18:28:53,2018-02-12 18:28:57,"Door","Kitchen"
2018-02-12 18:29:30,2018-02-12 18:29:43,"Fridge","Kitchen"
2018-02-12 18:45:40,2018-02-12 18:45:43,"Door","Kitchen"
2018-02-12 18:47:13,2018-02-12 18:47:16,"Door","Living"
2018-02-12 18:50:25,2018-02-12 18:50:28,"Door","Living"
2018-02-12 18:52:00,2018-02-12 18:52:57,"Toilet","Bathroom"
2018-02-12 18:52:14,2018-02-12 18:52:17,"Door","Living"
2018-02-12 18:53:45,2018-02-12 20:36:06,"Seat","Living"
2018-02-12 20:36:44,2018-02-12 20:36:46,"Door","Living"
2018-02-12 20:45:04,2018-02-12 20:45:07,"Door","Living"
2018-02-12 21:00:00,2018-02-12 21:00:03,"Door","Living"
2018-02-12 21:00:26,2018-02-12 21:00:29,"Door","Bedroom"
2018-02-12 21:07:53,2018-02-12 21:07:56,"Door","Bedroom"
2018-02-12 21:08:00,2018-02-12 21:08:03,"Door","Living"
2018-02-12 21:08:14,2018-02-12 21:08:17,"Door","Living"
2018-02-12 21:10:04,2018-02-12 21:10:08,"Basin","Bathroom"
2018-02-12 21:11:00,2018-02-12 21:11:02,"Door","Kitchen"
2018-02-12 21:12:33,2018-02-12 21:12:35,"Door","Kitchen"
2018-02-12 21:12:44,2018-02-12 21:12:47,"Door","Living"
2018-02-12 21:13:00,2018-02-12 21:13:01,"Door","Living"
2018-02-12 21:13:45,2018-02-12 21:13:48,"Door","Bedroom"
2018-02-12 21:13:53,2018-02-12 21:13:54,"Door","Bedroom"
2018-02-12 21:14:28,2018-02-12 21:14:29,"Door","Kitchen"
2018-02-12 21:15:37,2018-02-12 21:15:39,"Door","Kitchen"
2018-02-12 21:16:46,2018-02-12 21:16:50,"Door","Living"
2018-02-12 21:19:37,2018-02-12 21:19:41,"Door","Living"
2018-02-12 21:20:19,2018-02-12 21:20:21,"Maindoor","Entrance"
2018-02-12 01:25:53,2018-02-12 01:25:59,"Maindoor","Entrance"
2018-02-12 01:27:10,2018-02-12 01:27:16,"Door","Kitchen"
2018-02-12 01:28:17,2018-02-12 01:28:20,"Door","Kitchen"
2018-02-12 01:28:55,2018-02-12 01:28:58,"Door","Bedroom"
2018-02-12 01:30:22,2018-02-12 01:30:24,"Door","Bedroom"
2018-02-12 01:32:33,2018-02-12 01:33:50,"Basin","Bathroom"
2018-02-12 01:34:02,2018-02-12 01:34:05,"Door","Bedroom"
2018-02-12 01:36:42,2018-02-12 01:36:45,"Door","Bedroom"
2018-02-12 01:38:38,2018-02-12 01:39:23,"Toilet","Bathroom"
2018-02-12 01:39:30,2018-02-12 01:39:35,"Door","Living"
2018-02-12 01:41:02,2018-02-12 01:41:04,"Door","Living"
2018-02-12 01:41:09,2018-02-12 01:41:13,"Door","Bedroom"
2018-02-12 01:42:23,2018-02-12 09:19:32,"Bed","Bedroom"
2018-02-12 09:20:12,2018-02-12 09:20:15,"Door","Bedroom"
2018-02-12 09:25:11,2018-02-12 09:26:07,"Toilet","Bathroom"
2018-02-12 09:25:22,2018-02-12 09:25:39,"Door","Bedroom"
2018-02-12 09:25:56,2018-02-12 10:15:26,"Bed","Bedroom"
2018-02-12 10:16:06,2018-02-12 10:16:09,"Door","Bedroom"
2018-02-12 10:20:06,2018-02-12 10:21:26,"Toilet","Bathroom"
2018-02-12 10:22:38,2018-02-12 10:22:41,"Door","Living"
2018-02-12 10:24:25,2018-02-12 10:24:27,"Door","Living"
2018-02-12 10:24:30,2018-02-12 10:24:39,"Door","Bedroom"
2018-02-12 10:26:32,2018-02-12 10:26:36,"Door","Bedroom"
2018-02-12 10:26:48,2018-02-12 10:26:54,"Door","Kitchen"
2018-02-12 10:29:49,2018-02-12 10:30:04,"Fridge","Kitchen"
2018-02-12 10:33:28,2018-02-12 10:33:31,"Door","Kitchen"
2018-02-12 10:35:48,2018-02-12 10:35:51,"Door","Bedroom"
2018-02-12 10:35:53,2018-02-12 10:35:57,"Door","Bedroom"
2018-02-12 10:36:14,2018-02-12 10:36:16,"Door","Kitchen"
2018-02-12 10:49:42,2018-02-12 10:49:45,"Door","Kitchen"
2018-02-12 11:10:12,2018-02-12 11:10:41,"Door","Kitchen"
2018-02-12 11:22:15,2018-02-12 11:22:44,"Door","Kitchen"
2018-02-12 11:23:07,2018-02-12 11:23:10,"Door","Living"
2018-02-12 11:24:15,2018-02-12 11:24:17,"Door","Living"
2018-02-12 11:24:19,2018-02-12 11:24:22,"Door","Bedroom"
2018-02-12 11:30:42,2018-02-12 11:30:44,"Door","Bedroom"
2018-02-12 11:34:31,2018-02-12 11:35:52,"Toilet","Bathroom"
2018-02-12 11:35:58,2018-02-12 11:49:33,"Basin","Bathroom"
2018-02-12 11:50:00,2018-02-12 11:50:05,"Door","Bedroom"
2018-02-12 11:51:08,2018-02-12 11:51:12,"Door","Bedroom"
2018-02-12 11:53:47,2018-02-12 11:53:59,"Basin","Bathroom"
2018-02-12 11:54:34,2018-02-12 11:54:37,"Door","Living"
2018-02-12 11:55:15,2018-02-12 11:55:18,"Door","Living"
2018-02-12 11:55:47,2018-02-12 11:55:50,"Door","Kitchen"
2018-02-12 11:58:07,2018-02-12 11:58:09,"Door","Kitchen"
2018-02-12 12:02:05,2018-02-12 12:02:08,"Door","Living"
2018-02-12 12:03:46,2018-02-12 12:03:49,"Door","Living"
2018-02-12 12:04:15,2018-02-12 12:04:26,"Door","Kitchen"
2018-02-12 12:18:06,2018-02-12 12:18:09,"Door","Kitchen"
2018-02-12 12:23:47,2018-02-12 12:23:50,"Door","Living"
2018-02-12 12:24:22,2018-02-12 12:24:25,"Door","Living"
2018-02-12 12:24:34,2018-02-12 12:24:36,"Door","Kitchen"
2018-02-12 12:24:44,2018-02-12 12:24:49,"Fridge","Kitchen"
2018-02-12 12:56:00,2018-02-12 12:56:41,"Door","Kitchen"
2018-02-12 12:57:49,2018-02-12 12:57:52,"Door","Living"
2018-02-12 13:03:29,2018-02-12 13:03:32,"Door","Living"
2018-02-12 13:21:19,2018-02-12 13:21:21,"Door","Kitchen"
2018-02-12 13:34:02,2018-02-12 13:34:05,"Door","Kitchen"
2018-02-12 13:37:04,2018-02-12 13:37:16,"Maindoor","Entrance"
2018-02-12 13:59:35,2018-02-12 13:59:38,"Maindoor","Entrance"
2018-02-12 14:02:37,2018-02-12 14:02:42,"Door","Kitchen"
2018-02-12 14:23:12,2018-02-12 14:23:19,"Door","Kitchen"
2018-02-12 14:23:24,2018-02-12 14:23:28,"Door","Living"
2018-02-12 14:24:41,2018-02-12 14:24:43,"Door","Living"
2018-02-12 14:25:21,2018-02-12 14:25:23,"Door","Kitchen"
2018-02-12 14:38:11,2018-02-12 14:38:13,"Door","Kitchen"
2018-02-12 14:38:23,2018-02-12 14:38:26,"Door","Living"
2018-02-12 14:40:06,2018-02-12 14:40:09,"Door","Living"
2018-02-12 14:40:18,2018-02-12 14:40:22,"Door","Kitchen"
2018-02-12 14:44:46,2018-02-12 14:44:49,"Door","Kitchen"
2018-02-12 14:45:00,2018-02-12 14:45:03,"Door","Living"
2018-02-12 14:47:51,2018-02-12 14:47:54,"Door","Living"
2018-02-12 14:48:04,2018-02-12 14:48:07,"Door","Kitchen"
2018-02-12 14:51:08,2018-02-12 14:51:10,"Door","Kitchen"
2018-02-12 14:51:17,2018-02-12 14:51:21,"Door","Living"
2018-02-12 14:56:24,2018-02-12 14:56:27,"Door","Living"
2018-02-12 14:56:37,2018-02-12 14:56:43,"Door","Kitchen"
2018-02-12 14:56:52,2018-02-12 14:56:54,"Door","Kitchen"
2018-02-12 14:57:04,2018-02-12 14:57:07,"Door","Living"
2018-02-12 15:14:10,2018-02-12 15:14:14,"Door","Living"
2018-02-12 15:14:24,2018-02-12 15:14:26,"Door","Kitchen"
2018-02-12 15:16:10,2018-02-12 15:16:50,"Fridge","Kitchen"
2018-02-12 15:16:52,2018-02-12 15:16:54,"Door","Kitchen"
2018-02-12 15:17:19,2018-02-12 15:17:22,"Door","Living"
2018-02-12 15:27:56,2018-02-12 15:27:59,"Door","Living"
2018-02-12 15:28:18,2018-02-12 15:28:20,"Door","Kitchen"
2018-02-12 15:28:31,2018-02-12 15:28:33,"Fridge","Kitchen"
2018-02-12 15:33:06,2018-02-12 15:33:08,"Door","Kitchen"
2018-02-12 15:36:31,2018-02-12 15:36:35,"Door","Living"
2018-02-12 15:40:43,2018-02-12 15:40:46,"Door","Living"
2018-02-12 16:45:05,2018-02-12 16:45:07,"Door","Kitchen"
2018-02-12 16:57:17,2018-02-12 16:57:31,"Fridge","Kitchen"
2018-02-12 16:59:55,2018-02-12 16:59:59,"Door","Kitchen"
2018-02-12 17:00:33,2018-02-12 17:00:36,"Door","Living"
2018-02-12 17:07:03,2018-02-12 17:07:06,"Door","Living"
2018-02-12 17:07:17,2018-02-12 17:07:31,"Door","Kitchen"
2018-02-12 17:10:38,2018-02-12 17:10:40,"Door","Kitchen"
2018-02-12 17:10:54,2018-02-12 17:10:58,"Door","Living"
2018-02-12 17:11:43,2018-02-12 18:44:32,"Seat","Living"
2018-02-12 18:45:07,2018-02-12 18:45:10,"Door","Living"
2018-02-12 18:46:49,2018-02-12 18:47:46,"Toilet","Bathroom"
2018-02-12 18:47:56,2018-02-12 18:47:59,"Door","Living"
2018-02-12 18:48:34,2018-02-12 18:48:37,"Door","Living"
2018-02-12 18:48:49,2018-02-12 18:48:51,"Door","Kitchen"
2018-02-12 18:49:48,2018-02-12 18:49:54,"Door","Kitchen"
2018-02-12 18:57:41,2018-02-12 18:57:44,"Door","Kitchen"
2018-02-12 19:06:52,2018-02-12 19:06:54,"Door","Kitchen"
2018-02-12 19:10:55,2018-02-12 19:11:54,"Toilet","Bathroom"
2018-02-12 19:11:37,2018-02-12 19:11:42,"Door","Kitchen"
2018-02-12 19:15:47,2018-02-12 19:15:49,"Door","Kitchen"
2018-02-12 19:16:04,2018-02-12 19:16:08,"Door","Living"
2018-02-12 19:17:01,2018-02-12 20:02:13,"Seat","Living"
2018-02-12 20:03:28,2018-02-12 20:03:32,"Door","Living"
2018-02-12 20:04:29,2018-02-12 20:04:35,"Door","Kitchen"
2018-02-12 20:09:07,2018-02-12 20:09:10,"Door","Kitchen"
2018-02-12 20:09:26,2018-02-12 20:09:29,"Door","Living"
2018-02-12 20:21:43,2018-02-12 20:21:46,"Door","Living"
2018-02-12 20:28:42,2018-02-12 20:28:51,"Door","Bedroom"
2018-02-12 20:29:11,2018-02-12 20:29:15,"Door","Bedroom"
2018-02-12 20:29:33,2018-02-12 20:29:37,"Basin","Bathroom"
2018-02-12 20:39:12,2018-02-12 20:39:20,"Door","Bedroom"
2018-02-12 20:41:25,2018-02-12 20:41:34,"Door","Bedroom"
2018-02-12 20:41:44,2018-02-12 20:41:47,"Door","Living"
2018-02-12 21:18:10,2018-02-12 21:18:13,"Door","Living"
2018-02-12 21:18:28,2018-02-12 21:18:31,"Door","Living"
2018-02-12 21:19:12,2018-02-12 01:03:12,"Seat","Living"
